year,state,rows,longitudinal_eligible
2014,AK,29,24
2014,AL,67,67
2014,AR,75,75
2014,AZ,15,15
2014,CA,58,58
2014,CO,64,64
2014,CT,8,0
2014,DC,1,1
2014,DE,3,3
2014,FL,67,67
2014,GA,159,159
2014,HI,4,4
2014,IA,99,99
2014,ID,44,44
2014,IL,102,102
2014,IN,92,92
2014,KS,105,105
2014,KY,120,120
2014,LA,64,64
2014,MA,14,14
2014,MD,24,24
2014,ME,16,16
2014,MI,83,83
2014,MN,87,87
2014,MO,115,115
2014,MS,82,82
2014,MT,56,56
2014,NC,100,100
2014,ND,53,53
2014,NE,93,93
2014,NH,10,10
2014,NJ,21,21
2014,NM,33,33
2014,NV,17,17
2014,NY,62,62
2014,OH,88,88
2014,OK,77,77
2014,OR,36,36
2014,PA,67,67
2014,RI,5,5
2014,SC,46,46
2014,SD,66,65
2014,TN,95,95
2014,TX,254,250
2014,UT,29,29
2014,VA,133,132
2014,VT,14,14
2014,WA,39,39
2014,WI,72,72
2014,WV,55,55
2014,WY,23,23
2019,AK,29,24
2019,AL,67,67
2019,AR,75,75
2019,AZ,15,15
2019,CA,58,58
2019,CO,64,64
2019,CT,8,0
2019,DC,1,1
2019,DE,3,3
2019,FL,67,67
2019,GA,159,159
2019,HI,4,4
2019,IA,99,99
2019,ID,44,44
2019,IL,102,102
2019,IN,92,92
2019,KS,105,105
2019,KY,120,120
2019,LA,64,64
2019,MA,14,14
2019,MD,24,24
2019,ME,16,16
2019,MI,83,83
2019,MN,87,87
2019,MO,115,115
2019,MS,82,82
2019,MT,56,56
2019,NC,100,100
2019,ND,53,53
2019,NE,93,93
2019,NH,10,10
2019,NJ,21,21
2019,NM,33,33
2019,NV,17,17
2019,NY,62,62
2019,OH,88,88
2019,OK,77,77
2019,OR,36,36
2019,PA,67,67
2019,RI,5,5
2019,SC,46,46
2019,SD,66,65
2019,TN,95,95
2019,TX,253,250
2019,UT,29,29
2019,VA,133,132
2019,VT,14,14
2019,WA,39,39
2019,WI,72,72
2019,WV,55,55
2019,WY,23,23
2024,AK,30,24
2024,AL,67,67
2024,AR,75,75
2024,AZ,15,15
2024,CA,58,58
2024,CO,64,64
2024,CT,9,0
2024,DC,1,1
2024,DE,3,3
2024,FL,67,67
2024,GA,159,159
2024,HI,4,4
2024,IA,99,99
2024,ID,44,44
2024,IL,102,102
2024,IN,92,92
2024,KS,105,105
2024,KY,120,120
2024,LA,64,64
2024,MA,14,14
2024,MD,24,24
2024,ME,16,16
2024,MI,83,83
2024,MN,87,87
2024,MO,115,115
2024,MS,82,82
2024,MT,56,56
2024,NC,100,100
2024,ND,53,53
2024,NE,93,93
2024,NH,10,10
2024,NJ,21,21
2024,NM,33,33
2024,NV,17,17
2024,NY,62,62
2024,OH,88,88
2024,OK,77,77
2024,OR,36,36
2024,PA,67,67
2024,RI,5,5
2024,SC,46,46
2024,SD,66,65
2024,TN,95,95
2024,TX,250,250
2024,UT,29,29
2024,VA,133,132
2024,VT,14,14
2024,WA,39,39
2024,WI,72,72
2024,WV,55,55
2024,WY,23,23
