county_fips,county_name,year,reason
72001,"Adjuntas Municipio, Puerto Rico",2010,Outside 50 states and DC
72001,"Adjuntas Municipio, Puerto Rico",2011,Outside 50 states and DC
72001,"Adjuntas Municipio, Puerto Rico",2012,Outside 50 states and DC
72001,"Adjuntas Municipio, Puerto Rico",2013,Outside 50 states and DC
72001,"Adjuntas Municipio, Puerto Rico",2014,Outside 50 states and DC
72001,"Adjuntas Municipio, Puerto Rico",2015,Outside 50 states and DC
72001,"Adjuntas Municipio, Puerto Rico",2016,Outside 50 states and DC
72001,"Adjuntas Municipio, Puerto Rico",2017,Outside 50 states and DC
72001,"Adjuntas Municipio, Puerto Rico",2018,Outside 50 states and DC
72001,"Adjuntas Municipio, Puerto Rico",2019,Outside 50 states and DC
72001,"Adjuntas Municipio, Puerto Rico",2020,Outside 50 states and DC
72001,"Adjuntas Municipio, Puerto Rico",2021,Outside 50 states and DC
72001,"Adjuntas Municipio, Puerto Rico",2022,Outside 50 states and DC
72001,"Adjuntas Municipio, Puerto Rico",2023,Outside 50 states and DC
72001,"Adjuntas Municipio, Puerto Rico",2024,Outside 50 states and DC
72003,"Aguada Municipio, Puerto Rico",2010,Outside 50 states and DC
72003,"Aguada Municipio, Puerto Rico",2011,Outside 50 states and DC
72003,"Aguada Municipio, Puerto Rico",2012,Outside 50 states and DC
72003,"Aguada Municipio, Puerto Rico",2013,Outside 50 states and DC
72003,"Aguada Municipio, Puerto Rico",2014,Outside 50 states and DC
72003,"Aguada Municipio, Puerto Rico",2015,Outside 50 states and DC
72003,"Aguada Municipio, Puerto Rico",2016,Outside 50 states and DC
72003,"Aguada Municipio, Puerto Rico",2017,Outside 50 states and DC
72003,"Aguada Municipio, Puerto Rico",2018,Outside 50 states and DC
72003,"Aguada Municipio, Puerto Rico",2019,Outside 50 states and DC
72003,"Aguada Municipio, Puerto Rico",2020,Outside 50 states and DC
72003,"Aguada Municipio, Puerto Rico",2021,Outside 50 states and DC
72003,"Aguada Municipio, Puerto Rico",2022,Outside 50 states and DC
72003,"Aguada Municipio, Puerto Rico",2023,Outside 50 states and DC
72003,"Aguada Municipio, Puerto Rico",2024,Outside 50 states and DC
72005,"Aguadilla Municipio, Puerto Rico",2010,Outside 50 states and DC
72005,"Aguadilla Municipio, Puerto Rico",2011,Outside 50 states and DC
72005,"Aguadilla Municipio, Puerto Rico",2012,Outside 50 states and DC
72005,"Aguadilla Municipio, Puerto Rico",2013,Outside 50 states and DC
72005,"Aguadilla Municipio, Puerto Rico",2014,Outside 50 states and DC
72005,"Aguadilla Municipio, Puerto Rico",2015,Outside 50 states and DC
72005,"Aguadilla Municipio, Puerto Rico",2016,Outside 50 states and DC
72005,"Aguadilla Municipio, Puerto Rico",2017,Outside 50 states and DC
72005,"Aguadilla Municipio, Puerto Rico",2018,Outside 50 states and DC
72005,"Aguadilla Municipio, Puerto Rico",2019,Outside 50 states and DC
72005,"Aguadilla Municipio, Puerto Rico",2020,Outside 50 states and DC
72005,"Aguadilla Municipio, Puerto Rico",2021,Outside 50 states and DC
72005,"Aguadilla Municipio, Puerto Rico",2022,Outside 50 states and DC
72005,"Aguadilla Municipio, Puerto Rico",2023,Outside 50 states and DC
72005,"Aguadilla Municipio, Puerto Rico",2024,Outside 50 states and DC
72007,"Aguas Buenas Municipio, Puerto Rico",2010,Outside 50 states and DC
72007,"Aguas Buenas Municipio, Puerto Rico",2011,Outside 50 states and DC
72007,"Aguas Buenas Municipio, Puerto Rico",2012,Outside 50 states and DC
72007,"Aguas Buenas Municipio, Puerto Rico",2013,Outside 50 states and DC
72007,"Aguas Buenas Municipio, Puerto Rico",2014,Outside 50 states and DC
72007,"Aguas Buenas Municipio, Puerto Rico",2015,Outside 50 states and DC
72007,"Aguas Buenas Municipio, Puerto Rico",2016,Outside 50 states and DC
72007,"Aguas Buenas Municipio, Puerto Rico",2017,Outside 50 states and DC
72007,"Aguas Buenas Municipio, Puerto Rico",2018,Outside 50 states and DC
72007,"Aguas Buenas Municipio, Puerto Rico",2019,Outside 50 states and DC
72007,"Aguas Buenas Municipio, Puerto Rico",2020,Outside 50 states and DC
72007,"Aguas Buenas Municipio, Puerto Rico",2021,Outside 50 states and DC
72007,"Aguas Buenas Municipio, Puerto Rico",2022,Outside 50 states and DC
72007,"Aguas Buenas Municipio, Puerto Rico",2023,Outside 50 states and DC
72007,"Aguas Buenas Municipio, Puerto Rico",2024,Outside 50 states and DC
72009,"Aibonito Municipio, Puerto Rico",2010,Outside 50 states and DC
72009,"Aibonito Municipio, Puerto Rico",2011,Outside 50 states and DC
72009,"Aibonito Municipio, Puerto Rico",2012,Outside 50 states and DC
72009,"Aibonito Municipio, Puerto Rico",2013,Outside 50 states and DC
72009,"Aibonito Municipio, Puerto Rico",2014,Outside 50 states and DC
72009,"Aibonito Municipio, Puerto Rico",2015,Outside 50 states and DC
72009,"Aibonito Municipio, Puerto Rico",2016,Outside 50 states and DC
72009,"Aibonito Municipio, Puerto Rico",2017,Outside 50 states and DC
72009,"Aibonito Municipio, Puerto Rico",2018,Outside 50 states and DC
72009,"Aibonito Municipio, Puerto Rico",2019,Outside 50 states and DC
72009,"Aibonito Municipio, Puerto Rico",2020,Outside 50 states and DC
72009,"Aibonito Municipio, Puerto Rico",2021,Outside 50 states and DC
72009,"Aibonito Municipio, Puerto Rico",2022,Outside 50 states and DC
72009,"Aibonito Municipio, Puerto Rico",2023,Outside 50 states and DC
72009,"Aibonito Municipio, Puerto Rico",2024,Outside 50 states and DC
72011,"Añasco Municipio, Puerto Rico",2010,Outside 50 states and DC
72011,"Añasco Municipio, Puerto Rico",2011,Outside 50 states and DC
72011,"Añasco Municipio, Puerto Rico",2012,Outside 50 states and DC
72011,"Añasco Municipio, Puerto Rico",2013,Outside 50 states and DC
72011,"Añasco Municipio, Puerto Rico",2014,Outside 50 states and DC
72011,"Añasco Municipio, Puerto Rico",2015,Outside 50 states and DC
72011,"Añasco Municipio, Puerto Rico",2016,Outside 50 states and DC
72011,"Añasco Municipio, Puerto Rico",2017,Outside 50 states and DC
72011,"Añasco Municipio, Puerto Rico",2018,Outside 50 states and DC
72011,"Añasco Municipio, Puerto Rico",2019,Outside 50 states and DC
72011,"Añasco Municipio, Puerto Rico",2020,Outside 50 states and DC
72011,"Añasco Municipio, Puerto Rico",2021,Outside 50 states and DC
72011,"Añasco Municipio, Puerto Rico",2022,Outside 50 states and DC
72011,"Añasco Municipio, Puerto Rico",2023,Outside 50 states and DC
72011,"Añasco Municipio, Puerto Rico",2024,Outside 50 states and DC
72013,"Arecibo Municipio, Puerto Rico",2010,Outside 50 states and DC
72013,"Arecibo Municipio, Puerto Rico",2011,Outside 50 states and DC
72013,"Arecibo Municipio, Puerto Rico",2012,Outside 50 states and DC
72013,"Arecibo Municipio, Puerto Rico",2013,Outside 50 states and DC
72013,"Arecibo Municipio, Puerto Rico",2014,Outside 50 states and DC
72013,"Arecibo Municipio, Puerto Rico",2015,Outside 50 states and DC
72013,"Arecibo Municipio, Puerto Rico",2016,Outside 50 states and DC
72013,"Arecibo Municipio, Puerto Rico",2017,Outside 50 states and DC
72013,"Arecibo Municipio, Puerto Rico",2018,Outside 50 states and DC
72013,"Arecibo Municipio, Puerto Rico",2019,Outside 50 states and DC
72013,"Arecibo Municipio, Puerto Rico",2020,Outside 50 states and DC
72013,"Arecibo Municipio, Puerto Rico",2021,Outside 50 states and DC
72013,"Arecibo Municipio, Puerto Rico",2022,Outside 50 states and DC
72013,"Arecibo Municipio, Puerto Rico",2023,Outside 50 states and DC
72013,"Arecibo Municipio, Puerto Rico",2024,Outside 50 states and DC
72015,"Arroyo Municipio, Puerto Rico",2010,Outside 50 states and DC
72015,"Arroyo Municipio, Puerto Rico",2011,Outside 50 states and DC
72015,"Arroyo Municipio, Puerto Rico",2012,Outside 50 states and DC
72015,"Arroyo Municipio, Puerto Rico",2013,Outside 50 states and DC
72015,"Arroyo Municipio, Puerto Rico",2014,Outside 50 states and DC
72015,"Arroyo Municipio, Puerto Rico",2015,Outside 50 states and DC
72015,"Arroyo Municipio, Puerto Rico",2016,Outside 50 states and DC
72015,"Arroyo Municipio, Puerto Rico",2017,Outside 50 states and DC
72015,"Arroyo Municipio, Puerto Rico",2018,Outside 50 states and DC
72015,"Arroyo Municipio, Puerto Rico",2019,Outside 50 states and DC
72015,"Arroyo Municipio, Puerto Rico",2020,Outside 50 states and DC
72015,"Arroyo Municipio, Puerto Rico",2021,Outside 50 states and DC
72015,"Arroyo Municipio, Puerto Rico",2022,Outside 50 states and DC
72015,"Arroyo Municipio, Puerto Rico",2023,Outside 50 states and DC
72015,"Arroyo Municipio, Puerto Rico",2024,Outside 50 states and DC
72017,"Barceloneta Municipio, Puerto Rico",2010,Outside 50 states and DC
72017,"Barceloneta Municipio, Puerto Rico",2011,Outside 50 states and DC
72017,"Barceloneta Municipio, Puerto Rico",2012,Outside 50 states and DC
72017,"Barceloneta Municipio, Puerto Rico",2013,Outside 50 states and DC
72017,"Barceloneta Municipio, Puerto Rico",2014,Outside 50 states and DC
72017,"Barceloneta Municipio, Puerto Rico",2015,Outside 50 states and DC
72017,"Barceloneta Municipio, Puerto Rico",2016,Outside 50 states and DC
72017,"Barceloneta Municipio, Puerto Rico",2017,Outside 50 states and DC
72017,"Barceloneta Municipio, Puerto Rico",2018,Outside 50 states and DC
72017,"Barceloneta Municipio, Puerto Rico",2019,Outside 50 states and DC
72017,"Barceloneta Municipio, Puerto Rico",2020,Outside 50 states and DC
72017,"Barceloneta Municipio, Puerto Rico",2021,Outside 50 states and DC
72017,"Barceloneta Municipio, Puerto Rico",2022,Outside 50 states and DC
72017,"Barceloneta Municipio, Puerto Rico",2023,Outside 50 states and DC
72017,"Barceloneta Municipio, Puerto Rico",2024,Outside 50 states and DC
72019,"Barranquitas Municipio, Puerto Rico",2010,Outside 50 states and DC
72019,"Barranquitas Municipio, Puerto Rico",2011,Outside 50 states and DC
72019,"Barranquitas Municipio, Puerto Rico",2012,Outside 50 states and DC
72019,"Barranquitas Municipio, Puerto Rico",2013,Outside 50 states and DC
72019,"Barranquitas Municipio, Puerto Rico",2014,Outside 50 states and DC
72019,"Barranquitas Municipio, Puerto Rico",2015,Outside 50 states and DC
72019,"Barranquitas Municipio, Puerto Rico",2016,Outside 50 states and DC
72019,"Barranquitas Municipio, Puerto Rico",2017,Outside 50 states and DC
72019,"Barranquitas Municipio, Puerto Rico",2018,Outside 50 states and DC
72019,"Barranquitas Municipio, Puerto Rico",2019,Outside 50 states and DC
72019,"Barranquitas Municipio, Puerto Rico",2020,Outside 50 states and DC
72019,"Barranquitas Municipio, Puerto Rico",2021,Outside 50 states and DC
72019,"Barranquitas Municipio, Puerto Rico",2022,Outside 50 states and DC
72019,"Barranquitas Municipio, Puerto Rico",2023,Outside 50 states and DC
72019,"Barranquitas Municipio, Puerto Rico",2024,Outside 50 states and DC
72021,"Bayamón Municipio, Puerto Rico",2010,Outside 50 states and DC
72021,"Bayamón Municipio, Puerto Rico",2011,Outside 50 states and DC
72021,"Bayamón Municipio, Puerto Rico",2012,Outside 50 states and DC
72021,"Bayamón Municipio, Puerto Rico",2013,Outside 50 states and DC
72021,"Bayamón Municipio, Puerto Rico",2014,Outside 50 states and DC
72021,"Bayamón Municipio, Puerto Rico",2015,Outside 50 states and DC
72021,"Bayamón Municipio, Puerto Rico",2016,Outside 50 states and DC
72021,"Bayamón Municipio, Puerto Rico",2017,Outside 50 states and DC
72021,"Bayamón Municipio, Puerto Rico",2018,Outside 50 states and DC
72021,"Bayamón Municipio, Puerto Rico",2019,Outside 50 states and DC
72021,"Bayamón Municipio, Puerto Rico",2020,Outside 50 states and DC
72021,"Bayamón Municipio, Puerto Rico",2021,Outside 50 states and DC
72021,"Bayamón Municipio, Puerto Rico",2022,Outside 50 states and DC
72021,"Bayamón Municipio, Puerto Rico",2023,Outside 50 states and DC
72021,"Bayamón Municipio, Puerto Rico",2024,Outside 50 states and DC
72023,"Cabo Rojo Municipio, Puerto Rico",2010,Outside 50 states and DC
72023,"Cabo Rojo Municipio, Puerto Rico",2011,Outside 50 states and DC
72023,"Cabo Rojo Municipio, Puerto Rico",2012,Outside 50 states and DC
72023,"Cabo Rojo Municipio, Puerto Rico",2013,Outside 50 states and DC
72023,"Cabo Rojo Municipio, Puerto Rico",2014,Outside 50 states and DC
72023,"Cabo Rojo Municipio, Puerto Rico",2015,Outside 50 states and DC
72023,"Cabo Rojo Municipio, Puerto Rico",2016,Outside 50 states and DC
72023,"Cabo Rojo Municipio, Puerto Rico",2017,Outside 50 states and DC
72023,"Cabo Rojo Municipio, Puerto Rico",2018,Outside 50 states and DC
72023,"Cabo Rojo Municipio, Puerto Rico",2019,Outside 50 states and DC
72023,"Cabo Rojo Municipio, Puerto Rico",2020,Outside 50 states and DC
72023,"Cabo Rojo Municipio, Puerto Rico",2021,Outside 50 states and DC
72023,"Cabo Rojo Municipio, Puerto Rico",2022,Outside 50 states and DC
72023,"Cabo Rojo Municipio, Puerto Rico",2023,Outside 50 states and DC
72023,"Cabo Rojo Municipio, Puerto Rico",2024,Outside 50 states and DC
72025,"Caguas Municipio, Puerto Rico",2010,Outside 50 states and DC
72025,"Caguas Municipio, Puerto Rico",2011,Outside 50 states and DC
72025,"Caguas Municipio, Puerto Rico",2012,Outside 50 states and DC
72025,"Caguas Municipio, Puerto Rico",2013,Outside 50 states and DC
72025,"Caguas Municipio, Puerto Rico",2014,Outside 50 states and DC
72025,"Caguas Municipio, Puerto Rico",2015,Outside 50 states and DC
72025,"Caguas Municipio, Puerto Rico",2016,Outside 50 states and DC
72025,"Caguas Municipio, Puerto Rico",2017,Outside 50 states and DC
72025,"Caguas Municipio, Puerto Rico",2018,Outside 50 states and DC
72025,"Caguas Municipio, Puerto Rico",2019,Outside 50 states and DC
72025,"Caguas Municipio, Puerto Rico",2020,Outside 50 states and DC
72025,"Caguas Municipio, Puerto Rico",2021,Outside 50 states and DC
72025,"Caguas Municipio, Puerto Rico",2022,Outside 50 states and DC
72025,"Caguas Municipio, Puerto Rico",2023,Outside 50 states and DC
72025,"Caguas Municipio, Puerto Rico",2024,Outside 50 states and DC
72027,"Camuy Municipio, Puerto Rico",2010,Outside 50 states and DC
72027,"Camuy Municipio, Puerto Rico",2011,Outside 50 states and DC
72027,"Camuy Municipio, Puerto Rico",2012,Outside 50 states and DC
72027,"Camuy Municipio, Puerto Rico",2013,Outside 50 states and DC
72027,"Camuy Municipio, Puerto Rico",2014,Outside 50 states and DC
72027,"Camuy Municipio, Puerto Rico",2015,Outside 50 states and DC
72027,"Camuy Municipio, Puerto Rico",2016,Outside 50 states and DC
72027,"Camuy Municipio, Puerto Rico",2017,Outside 50 states and DC
72027,"Camuy Municipio, Puerto Rico",2018,Outside 50 states and DC
72027,"Camuy Municipio, Puerto Rico",2019,Outside 50 states and DC
72027,"Camuy Municipio, Puerto Rico",2020,Outside 50 states and DC
72027,"Camuy Municipio, Puerto Rico",2021,Outside 50 states and DC
72027,"Camuy Municipio, Puerto Rico",2022,Outside 50 states and DC
72027,"Camuy Municipio, Puerto Rico",2023,Outside 50 states and DC
72027,"Camuy Municipio, Puerto Rico",2024,Outside 50 states and DC
72029,"Canóvanas Municipio, Puerto Rico",2010,Outside 50 states and DC
72029,"Canóvanas Municipio, Puerto Rico",2011,Outside 50 states and DC
72029,"Canóvanas Municipio, Puerto Rico",2012,Outside 50 states and DC
72029,"Canóvanas Municipio, Puerto Rico",2013,Outside 50 states and DC
72029,"Canóvanas Municipio, Puerto Rico",2014,Outside 50 states and DC
72029,"Canóvanas Municipio, Puerto Rico",2015,Outside 50 states and DC
72029,"Canóvanas Municipio, Puerto Rico",2016,Outside 50 states and DC
72029,"Canóvanas Municipio, Puerto Rico",2017,Outside 50 states and DC
72029,"Canóvanas Municipio, Puerto Rico",2018,Outside 50 states and DC
72029,"Canóvanas Municipio, Puerto Rico",2019,Outside 50 states and DC
72029,"Canóvanas Municipio, Puerto Rico",2020,Outside 50 states and DC
72029,"Canóvanas Municipio, Puerto Rico",2021,Outside 50 states and DC
72029,"Canóvanas Municipio, Puerto Rico",2022,Outside 50 states and DC
72029,"Canóvanas Municipio, Puerto Rico",2023,Outside 50 states and DC
72029,"Canóvanas Municipio, Puerto Rico",2024,Outside 50 states and DC
72031,"Carolina Municipio, Puerto Rico",2010,Outside 50 states and DC
72031,"Carolina Municipio, Puerto Rico",2011,Outside 50 states and DC
72031,"Carolina Municipio, Puerto Rico",2012,Outside 50 states and DC
72031,"Carolina Municipio, Puerto Rico",2013,Outside 50 states and DC
72031,"Carolina Municipio, Puerto Rico",2014,Outside 50 states and DC
72031,"Carolina Municipio, Puerto Rico",2015,Outside 50 states and DC
72031,"Carolina Municipio, Puerto Rico",2016,Outside 50 states and DC
72031,"Carolina Municipio, Puerto Rico",2017,Outside 50 states and DC
72031,"Carolina Municipio, Puerto Rico",2018,Outside 50 states and DC
72031,"Carolina Municipio, Puerto Rico",2019,Outside 50 states and DC
72031,"Carolina Municipio, Puerto Rico",2020,Outside 50 states and DC
72031,"Carolina Municipio, Puerto Rico",2021,Outside 50 states and DC
72031,"Carolina Municipio, Puerto Rico",2022,Outside 50 states and DC
72031,"Carolina Municipio, Puerto Rico",2023,Outside 50 states and DC
72031,"Carolina Municipio, Puerto Rico",2024,Outside 50 states and DC
72033,"Cataño Municipio, Puerto Rico",2010,Outside 50 states and DC
72033,"Cataño Municipio, Puerto Rico",2011,Outside 50 states and DC
72033,"Cataño Municipio, Puerto Rico",2012,Outside 50 states and DC
72033,"Cataño Municipio, Puerto Rico",2013,Outside 50 states and DC
72033,"Cataño Municipio, Puerto Rico",2014,Outside 50 states and DC
72033,"Cataño Municipio, Puerto Rico",2015,Outside 50 states and DC
72033,"Cataño Municipio, Puerto Rico",2016,Outside 50 states and DC
72033,"Cataño Municipio, Puerto Rico",2017,Outside 50 states and DC
72033,"Cataño Municipio, Puerto Rico",2018,Outside 50 states and DC
72033,"Cataño Municipio, Puerto Rico",2019,Outside 50 states and DC
72033,"Cataño Municipio, Puerto Rico",2020,Outside 50 states and DC
72033,"Cataño Municipio, Puerto Rico",2021,Outside 50 states and DC
72033,"Cataño Municipio, Puerto Rico",2022,Outside 50 states and DC
72033,"Cataño Municipio, Puerto Rico",2023,Outside 50 states and DC
72033,"Cataño Municipio, Puerto Rico",2024,Outside 50 states and DC
72035,"Cayey Municipio, Puerto Rico",2010,Outside 50 states and DC
72035,"Cayey Municipio, Puerto Rico",2011,Outside 50 states and DC
72035,"Cayey Municipio, Puerto Rico",2012,Outside 50 states and DC
72035,"Cayey Municipio, Puerto Rico",2013,Outside 50 states and DC
72035,"Cayey Municipio, Puerto Rico",2014,Outside 50 states and DC
72035,"Cayey Municipio, Puerto Rico",2015,Outside 50 states and DC
72035,"Cayey Municipio, Puerto Rico",2016,Outside 50 states and DC
72035,"Cayey Municipio, Puerto Rico",2017,Outside 50 states and DC
72035,"Cayey Municipio, Puerto Rico",2018,Outside 50 states and DC
72035,"Cayey Municipio, Puerto Rico",2019,Outside 50 states and DC
72035,"Cayey Municipio, Puerto Rico",2020,Outside 50 states and DC
72035,"Cayey Municipio, Puerto Rico",2021,Outside 50 states and DC
72035,"Cayey Municipio, Puerto Rico",2022,Outside 50 states and DC
72035,"Cayey Municipio, Puerto Rico",2023,Outside 50 states and DC
72035,"Cayey Municipio, Puerto Rico",2024,Outside 50 states and DC
72037,"Ceiba Municipio, Puerto Rico",2010,Outside 50 states and DC
72037,"Ceiba Municipio, Puerto Rico",2011,Outside 50 states and DC
72037,"Ceiba Municipio, Puerto Rico",2012,Outside 50 states and DC
72037,"Ceiba Municipio, Puerto Rico",2013,Outside 50 states and DC
72037,"Ceiba Municipio, Puerto Rico",2014,Outside 50 states and DC
72037,"Ceiba Municipio, Puerto Rico",2015,Outside 50 states and DC
72037,"Ceiba Municipio, Puerto Rico",2016,Outside 50 states and DC
72037,"Ceiba Municipio, Puerto Rico",2017,Outside 50 states and DC
72037,"Ceiba Municipio, Puerto Rico",2018,Outside 50 states and DC
72037,"Ceiba Municipio, Puerto Rico",2019,Outside 50 states and DC
72037,"Ceiba Municipio, Puerto Rico",2020,Outside 50 states and DC
72037,"Ceiba Municipio, Puerto Rico",2021,Outside 50 states and DC
72037,"Ceiba Municipio, Puerto Rico",2022,Outside 50 states and DC
72037,"Ceiba Municipio, Puerto Rico",2023,Outside 50 states and DC
72037,"Ceiba Municipio, Puerto Rico",2024,Outside 50 states and DC
72039,"Ciales Municipio, Puerto Rico",2010,Outside 50 states and DC
72039,"Ciales Municipio, Puerto Rico",2011,Outside 50 states and DC
72039,"Ciales Municipio, Puerto Rico",2012,Outside 50 states and DC
72039,"Ciales Municipio, Puerto Rico",2013,Outside 50 states and DC
72039,"Ciales Municipio, Puerto Rico",2014,Outside 50 states and DC
72039,"Ciales Municipio, Puerto Rico",2015,Outside 50 states and DC
72039,"Ciales Municipio, Puerto Rico",2016,Outside 50 states and DC
72039,"Ciales Municipio, Puerto Rico",2017,Outside 50 states and DC
72039,"Ciales Municipio, Puerto Rico",2018,Outside 50 states and DC
72039,"Ciales Municipio, Puerto Rico",2019,Outside 50 states and DC
72039,"Ciales Municipio, Puerto Rico",2020,Outside 50 states and DC
72039,"Ciales Municipio, Puerto Rico",2021,Outside 50 states and DC
72039,"Ciales Municipio, Puerto Rico",2022,Outside 50 states and DC
72039,"Ciales Municipio, Puerto Rico",2023,Outside 50 states and DC
72039,"Ciales Municipio, Puerto Rico",2024,Outside 50 states and DC
72041,"Cidra Municipio, Puerto Rico",2010,Outside 50 states and DC
72041,"Cidra Municipio, Puerto Rico",2011,Outside 50 states and DC
72041,"Cidra Municipio, Puerto Rico",2012,Outside 50 states and DC
72041,"Cidra Municipio, Puerto Rico",2013,Outside 50 states and DC
72041,"Cidra Municipio, Puerto Rico",2014,Outside 50 states and DC
72041,"Cidra Municipio, Puerto Rico",2015,Outside 50 states and DC
72041,"Cidra Municipio, Puerto Rico",2016,Outside 50 states and DC
72041,"Cidra Municipio, Puerto Rico",2017,Outside 50 states and DC
72041,"Cidra Municipio, Puerto Rico",2018,Outside 50 states and DC
72041,"Cidra Municipio, Puerto Rico",2019,Outside 50 states and DC
72041,"Cidra Municipio, Puerto Rico",2020,Outside 50 states and DC
72041,"Cidra Municipio, Puerto Rico",2021,Outside 50 states and DC
72041,"Cidra Municipio, Puerto Rico",2022,Outside 50 states and DC
72041,"Cidra Municipio, Puerto Rico",2023,Outside 50 states and DC
72041,"Cidra Municipio, Puerto Rico",2024,Outside 50 states and DC
72043,"Coamo Municipio, Puerto Rico",2010,Outside 50 states and DC
72043,"Coamo Municipio, Puerto Rico",2011,Outside 50 states and DC
72043,"Coamo Municipio, Puerto Rico",2012,Outside 50 states and DC
72043,"Coamo Municipio, Puerto Rico",2013,Outside 50 states and DC
72043,"Coamo Municipio, Puerto Rico",2014,Outside 50 states and DC
72043,"Coamo Municipio, Puerto Rico",2015,Outside 50 states and DC
72043,"Coamo Municipio, Puerto Rico",2016,Outside 50 states and DC
72043,"Coamo Municipio, Puerto Rico",2017,Outside 50 states and DC
72043,"Coamo Municipio, Puerto Rico",2018,Outside 50 states and DC
72043,"Coamo Municipio, Puerto Rico",2019,Outside 50 states and DC
72043,"Coamo Municipio, Puerto Rico",2020,Outside 50 states and DC
72043,"Coamo Municipio, Puerto Rico",2021,Outside 50 states and DC
72043,"Coamo Municipio, Puerto Rico",2022,Outside 50 states and DC
72043,"Coamo Municipio, Puerto Rico",2023,Outside 50 states and DC
72043,"Coamo Municipio, Puerto Rico",2024,Outside 50 states and DC
72045,"Comerío Municipio, Puerto Rico",2010,Outside 50 states and DC
72045,"Comerío Municipio, Puerto Rico",2011,Outside 50 states and DC
72045,"Comerío Municipio, Puerto Rico",2012,Outside 50 states and DC
72045,"Comerío Municipio, Puerto Rico",2013,Outside 50 states and DC
72045,"Comerío Municipio, Puerto Rico",2014,Outside 50 states and DC
72045,"Comerío Municipio, Puerto Rico",2015,Outside 50 states and DC
72045,"Comerío Municipio, Puerto Rico",2016,Outside 50 states and DC
72045,"Comerío Municipio, Puerto Rico",2017,Outside 50 states and DC
72045,"Comerío Municipio, Puerto Rico",2018,Outside 50 states and DC
72045,"Comerío Municipio, Puerto Rico",2019,Outside 50 states and DC
72045,"Comerío Municipio, Puerto Rico",2020,Outside 50 states and DC
72045,"Comerío Municipio, Puerto Rico",2021,Outside 50 states and DC
72045,"Comerío Municipio, Puerto Rico",2022,Outside 50 states and DC
72045,"Comerío Municipio, Puerto Rico",2023,Outside 50 states and DC
72045,"Comerío Municipio, Puerto Rico",2024,Outside 50 states and DC
72047,"Corozal Municipio, Puerto Rico",2010,Outside 50 states and DC
72047,"Corozal Municipio, Puerto Rico",2011,Outside 50 states and DC
72047,"Corozal Municipio, Puerto Rico",2012,Outside 50 states and DC
72047,"Corozal Municipio, Puerto Rico",2013,Outside 50 states and DC
72047,"Corozal Municipio, Puerto Rico",2014,Outside 50 states and DC
72047,"Corozal Municipio, Puerto Rico",2015,Outside 50 states and DC
72047,"Corozal Municipio, Puerto Rico",2016,Outside 50 states and DC
72047,"Corozal Municipio, Puerto Rico",2017,Outside 50 states and DC
72047,"Corozal Municipio, Puerto Rico",2018,Outside 50 states and DC
72047,"Corozal Municipio, Puerto Rico",2019,Outside 50 states and DC
72047,"Corozal Municipio, Puerto Rico",2020,Outside 50 states and DC
72047,"Corozal Municipio, Puerto Rico",2021,Outside 50 states and DC
72047,"Corozal Municipio, Puerto Rico",2022,Outside 50 states and DC
72047,"Corozal Municipio, Puerto Rico",2023,Outside 50 states and DC
72047,"Corozal Municipio, Puerto Rico",2024,Outside 50 states and DC
72049,"Culebra Municipio, Puerto Rico",2010,Outside 50 states and DC
72049,"Culebra Municipio, Puerto Rico",2011,Outside 50 states and DC
72049,"Culebra Municipio, Puerto Rico",2012,Outside 50 states and DC
72049,"Culebra Municipio, Puerto Rico",2013,Outside 50 states and DC
72049,"Culebra Municipio, Puerto Rico",2014,Outside 50 states and DC
72049,"Culebra Municipio, Puerto Rico",2015,Outside 50 states and DC
72049,"Culebra Municipio, Puerto Rico",2016,Outside 50 states and DC
72049,"Culebra Municipio, Puerto Rico",2017,Outside 50 states and DC
72049,"Culebra Municipio, Puerto Rico",2018,Outside 50 states and DC
72049,"Culebra Municipio, Puerto Rico",2019,Outside 50 states and DC
72049,"Culebra Municipio, Puerto Rico",2020,Outside 50 states and DC
72049,"Culebra Municipio, Puerto Rico",2021,Outside 50 states and DC
72049,"Culebra Municipio, Puerto Rico",2022,Outside 50 states and DC
72049,"Culebra Municipio, Puerto Rico",2023,Outside 50 states and DC
72049,"Culebra Municipio, Puerto Rico",2024,Outside 50 states and DC
72051,"Dorado Municipio, Puerto Rico",2010,Outside 50 states and DC
72051,"Dorado Municipio, Puerto Rico",2011,Outside 50 states and DC
72051,"Dorado Municipio, Puerto Rico",2012,Outside 50 states and DC
72051,"Dorado Municipio, Puerto Rico",2013,Outside 50 states and DC
72051,"Dorado Municipio, Puerto Rico",2014,Outside 50 states and DC
72051,"Dorado Municipio, Puerto Rico",2015,Outside 50 states and DC
72051,"Dorado Municipio, Puerto Rico",2016,Outside 50 states and DC
72051,"Dorado Municipio, Puerto Rico",2017,Outside 50 states and DC
72051,"Dorado Municipio, Puerto Rico",2018,Outside 50 states and DC
72051,"Dorado Municipio, Puerto Rico",2019,Outside 50 states and DC
72051,"Dorado Municipio, Puerto Rico",2020,Outside 50 states and DC
72051,"Dorado Municipio, Puerto Rico",2021,Outside 50 states and DC
72051,"Dorado Municipio, Puerto Rico",2022,Outside 50 states and DC
72051,"Dorado Municipio, Puerto Rico",2023,Outside 50 states and DC
72051,"Dorado Municipio, Puerto Rico",2024,Outside 50 states and DC
72053,"Fajardo Municipio, Puerto Rico",2010,Outside 50 states and DC
72053,"Fajardo Municipio, Puerto Rico",2011,Outside 50 states and DC
72053,"Fajardo Municipio, Puerto Rico",2012,Outside 50 states and DC
72053,"Fajardo Municipio, Puerto Rico",2013,Outside 50 states and DC
72053,"Fajardo Municipio, Puerto Rico",2014,Outside 50 states and DC
72053,"Fajardo Municipio, Puerto Rico",2015,Outside 50 states and DC
72053,"Fajardo Municipio, Puerto Rico",2016,Outside 50 states and DC
72053,"Fajardo Municipio, Puerto Rico",2017,Outside 50 states and DC
72053,"Fajardo Municipio, Puerto Rico",2018,Outside 50 states and DC
72053,"Fajardo Municipio, Puerto Rico",2019,Outside 50 states and DC
72053,"Fajardo Municipio, Puerto Rico",2020,Outside 50 states and DC
72053,"Fajardo Municipio, Puerto Rico",2021,Outside 50 states and DC
72053,"Fajardo Municipio, Puerto Rico",2022,Outside 50 states and DC
72053,"Fajardo Municipio, Puerto Rico",2023,Outside 50 states and DC
72053,"Fajardo Municipio, Puerto Rico",2024,Outside 50 states and DC
72054,"Florida Municipio, Puerto Rico",2010,Outside 50 states and DC
72054,"Florida Municipio, Puerto Rico",2011,Outside 50 states and DC
72054,"Florida Municipio, Puerto Rico",2012,Outside 50 states and DC
72054,"Florida Municipio, Puerto Rico",2013,Outside 50 states and DC
72054,"Florida Municipio, Puerto Rico",2014,Outside 50 states and DC
72054,"Florida Municipio, Puerto Rico",2015,Outside 50 states and DC
72054,"Florida Municipio, Puerto Rico",2016,Outside 50 states and DC
72054,"Florida Municipio, Puerto Rico",2017,Outside 50 states and DC
72054,"Florida Municipio, Puerto Rico",2018,Outside 50 states and DC
72054,"Florida Municipio, Puerto Rico",2019,Outside 50 states and DC
72054,"Florida Municipio, Puerto Rico",2020,Outside 50 states and DC
72054,"Florida Municipio, Puerto Rico",2021,Outside 50 states and DC
72054,"Florida Municipio, Puerto Rico",2022,Outside 50 states and DC
72054,"Florida Municipio, Puerto Rico",2023,Outside 50 states and DC
72054,"Florida Municipio, Puerto Rico",2024,Outside 50 states and DC
72055,"Guánica Municipio, Puerto Rico",2010,Outside 50 states and DC
72055,"Guánica Municipio, Puerto Rico",2011,Outside 50 states and DC
72055,"Guánica Municipio, Puerto Rico",2012,Outside 50 states and DC
72055,"Guánica Municipio, Puerto Rico",2013,Outside 50 states and DC
72055,"Guánica Municipio, Puerto Rico",2014,Outside 50 states and DC
72055,"Guánica Municipio, Puerto Rico",2015,Outside 50 states and DC
72055,"Guánica Municipio, Puerto Rico",2016,Outside 50 states and DC
72055,"Guánica Municipio, Puerto Rico",2017,Outside 50 states and DC
72055,"Guánica Municipio, Puerto Rico",2018,Outside 50 states and DC
72055,"Guánica Municipio, Puerto Rico",2019,Outside 50 states and DC
72055,"Guánica Municipio, Puerto Rico",2020,Outside 50 states and DC
72055,"Guánica Municipio, Puerto Rico",2021,Outside 50 states and DC
72055,"Guánica Municipio, Puerto Rico",2022,Outside 50 states and DC
72055,"Guánica Municipio, Puerto Rico",2023,Outside 50 states and DC
72055,"Guánica Municipio, Puerto Rico",2024,Outside 50 states and DC
72057,"Guayama Municipio, Puerto Rico",2010,Outside 50 states and DC
72057,"Guayama Municipio, Puerto Rico",2011,Outside 50 states and DC
72057,"Guayama Municipio, Puerto Rico",2012,Outside 50 states and DC
72057,"Guayama Municipio, Puerto Rico",2013,Outside 50 states and DC
72057,"Guayama Municipio, Puerto Rico",2014,Outside 50 states and DC
72057,"Guayama Municipio, Puerto Rico",2015,Outside 50 states and DC
72057,"Guayama Municipio, Puerto Rico",2016,Outside 50 states and DC
72057,"Guayama Municipio, Puerto Rico",2017,Outside 50 states and DC
72057,"Guayama Municipio, Puerto Rico",2018,Outside 50 states and DC
72057,"Guayama Municipio, Puerto Rico",2019,Outside 50 states and DC
72057,"Guayama Municipio, Puerto Rico",2020,Outside 50 states and DC
72057,"Guayama Municipio, Puerto Rico",2021,Outside 50 states and DC
72057,"Guayama Municipio, Puerto Rico",2022,Outside 50 states and DC
72057,"Guayama Municipio, Puerto Rico",2023,Outside 50 states and DC
72057,"Guayama Municipio, Puerto Rico",2024,Outside 50 states and DC
72059,"Guayanilla Municipio, Puerto Rico",2010,Outside 50 states and DC
72059,"Guayanilla Municipio, Puerto Rico",2011,Outside 50 states and DC
72059,"Guayanilla Municipio, Puerto Rico",2012,Outside 50 states and DC
72059,"Guayanilla Municipio, Puerto Rico",2013,Outside 50 states and DC
72059,"Guayanilla Municipio, Puerto Rico",2014,Outside 50 states and DC
72059,"Guayanilla Municipio, Puerto Rico",2015,Outside 50 states and DC
72059,"Guayanilla Municipio, Puerto Rico",2016,Outside 50 states and DC
72059,"Guayanilla Municipio, Puerto Rico",2017,Outside 50 states and DC
72059,"Guayanilla Municipio, Puerto Rico",2018,Outside 50 states and DC
72059,"Guayanilla Municipio, Puerto Rico",2019,Outside 50 states and DC
72059,"Guayanilla Municipio, Puerto Rico",2020,Outside 50 states and DC
72059,"Guayanilla Municipio, Puerto Rico",2021,Outside 50 states and DC
72059,"Guayanilla Municipio, Puerto Rico",2022,Outside 50 states and DC
72059,"Guayanilla Municipio, Puerto Rico",2023,Outside 50 states and DC
72059,"Guayanilla Municipio, Puerto Rico",2024,Outside 50 states and DC
72061,"Guaynabo Municipio, Puerto Rico",2010,Outside 50 states and DC
72061,"Guaynabo Municipio, Puerto Rico",2011,Outside 50 states and DC
72061,"Guaynabo Municipio, Puerto Rico",2012,Outside 50 states and DC
72061,"Guaynabo Municipio, Puerto Rico",2013,Outside 50 states and DC
72061,"Guaynabo Municipio, Puerto Rico",2014,Outside 50 states and DC
72061,"Guaynabo Municipio, Puerto Rico",2015,Outside 50 states and DC
72061,"Guaynabo Municipio, Puerto Rico",2016,Outside 50 states and DC
72061,"Guaynabo Municipio, Puerto Rico",2017,Outside 50 states and DC
72061,"Guaynabo Municipio, Puerto Rico",2018,Outside 50 states and DC
72061,"Guaynabo Municipio, Puerto Rico",2019,Outside 50 states and DC
72061,"Guaynabo Municipio, Puerto Rico",2020,Outside 50 states and DC
72061,"Guaynabo Municipio, Puerto Rico",2021,Outside 50 states and DC
72061,"Guaynabo Municipio, Puerto Rico",2022,Outside 50 states and DC
72061,"Guaynabo Municipio, Puerto Rico",2023,Outside 50 states and DC
72061,"Guaynabo Municipio, Puerto Rico",2024,Outside 50 states and DC
72063,"Gurabo Municipio, Puerto Rico",2010,Outside 50 states and DC
72063,"Gurabo Municipio, Puerto Rico",2011,Outside 50 states and DC
72063,"Gurabo Municipio, Puerto Rico",2012,Outside 50 states and DC
72063,"Gurabo Municipio, Puerto Rico",2013,Outside 50 states and DC
72063,"Gurabo Municipio, Puerto Rico",2014,Outside 50 states and DC
72063,"Gurabo Municipio, Puerto Rico",2015,Outside 50 states and DC
72063,"Gurabo Municipio, Puerto Rico",2016,Outside 50 states and DC
72063,"Gurabo Municipio, Puerto Rico",2017,Outside 50 states and DC
72063,"Gurabo Municipio, Puerto Rico",2018,Outside 50 states and DC
72063,"Gurabo Municipio, Puerto Rico",2019,Outside 50 states and DC
72063,"Gurabo Municipio, Puerto Rico",2020,Outside 50 states and DC
72063,"Gurabo Municipio, Puerto Rico",2021,Outside 50 states and DC
72063,"Gurabo Municipio, Puerto Rico",2022,Outside 50 states and DC
72063,"Gurabo Municipio, Puerto Rico",2023,Outside 50 states and DC
72063,"Gurabo Municipio, Puerto Rico",2024,Outside 50 states and DC
72065,"Hatillo Municipio, Puerto Rico",2010,Outside 50 states and DC
72065,"Hatillo Municipio, Puerto Rico",2011,Outside 50 states and DC
72065,"Hatillo Municipio, Puerto Rico",2012,Outside 50 states and DC
72065,"Hatillo Municipio, Puerto Rico",2013,Outside 50 states and DC
72065,"Hatillo Municipio, Puerto Rico",2014,Outside 50 states and DC
72065,"Hatillo Municipio, Puerto Rico",2015,Outside 50 states and DC
72065,"Hatillo Municipio, Puerto Rico",2016,Outside 50 states and DC
72065,"Hatillo Municipio, Puerto Rico",2017,Outside 50 states and DC
72065,"Hatillo Municipio, Puerto Rico",2018,Outside 50 states and DC
72065,"Hatillo Municipio, Puerto Rico",2019,Outside 50 states and DC
72065,"Hatillo Municipio, Puerto Rico",2020,Outside 50 states and DC
72065,"Hatillo Municipio, Puerto Rico",2021,Outside 50 states and DC
72065,"Hatillo Municipio, Puerto Rico",2022,Outside 50 states and DC
72065,"Hatillo Municipio, Puerto Rico",2023,Outside 50 states and DC
72065,"Hatillo Municipio, Puerto Rico",2024,Outside 50 states and DC
72067,"Hormigueros Municipio, Puerto Rico",2010,Outside 50 states and DC
72067,"Hormigueros Municipio, Puerto Rico",2011,Outside 50 states and DC
72067,"Hormigueros Municipio, Puerto Rico",2012,Outside 50 states and DC
72067,"Hormigueros Municipio, Puerto Rico",2013,Outside 50 states and DC
72067,"Hormigueros Municipio, Puerto Rico",2014,Outside 50 states and DC
72067,"Hormigueros Municipio, Puerto Rico",2015,Outside 50 states and DC
72067,"Hormigueros Municipio, Puerto Rico",2016,Outside 50 states and DC
72067,"Hormigueros Municipio, Puerto Rico",2017,Outside 50 states and DC
72067,"Hormigueros Municipio, Puerto Rico",2018,Outside 50 states and DC
72067,"Hormigueros Municipio, Puerto Rico",2019,Outside 50 states and DC
72067,"Hormigueros Municipio, Puerto Rico",2020,Outside 50 states and DC
72067,"Hormigueros Municipio, Puerto Rico",2021,Outside 50 states and DC
72067,"Hormigueros Municipio, Puerto Rico",2022,Outside 50 states and DC
72067,"Hormigueros Municipio, Puerto Rico",2023,Outside 50 states and DC
72067,"Hormigueros Municipio, Puerto Rico",2024,Outside 50 states and DC
72069,"Humacao Municipio, Puerto Rico",2010,Outside 50 states and DC
72069,"Humacao Municipio, Puerto Rico",2011,Outside 50 states and DC
72069,"Humacao Municipio, Puerto Rico",2012,Outside 50 states and DC
72069,"Humacao Municipio, Puerto Rico",2013,Outside 50 states and DC
72069,"Humacao Municipio, Puerto Rico",2014,Outside 50 states and DC
72069,"Humacao Municipio, Puerto Rico",2015,Outside 50 states and DC
72069,"Humacao Municipio, Puerto Rico",2016,Outside 50 states and DC
72069,"Humacao Municipio, Puerto Rico",2017,Outside 50 states and DC
72069,"Humacao Municipio, Puerto Rico",2018,Outside 50 states and DC
72069,"Humacao Municipio, Puerto Rico",2019,Outside 50 states and DC
72069,"Humacao Municipio, Puerto Rico",2020,Outside 50 states and DC
72069,"Humacao Municipio, Puerto Rico",2021,Outside 50 states and DC
72069,"Humacao Municipio, Puerto Rico",2022,Outside 50 states and DC
72069,"Humacao Municipio, Puerto Rico",2023,Outside 50 states and DC
72069,"Humacao Municipio, Puerto Rico",2024,Outside 50 states and DC
72071,"Isabela Municipio, Puerto Rico",2010,Outside 50 states and DC
72071,"Isabela Municipio, Puerto Rico",2011,Outside 50 states and DC
72071,"Isabela Municipio, Puerto Rico",2012,Outside 50 states and DC
72071,"Isabela Municipio, Puerto Rico",2013,Outside 50 states and DC
72071,"Isabela Municipio, Puerto Rico",2014,Outside 50 states and DC
72071,"Isabela Municipio, Puerto Rico",2015,Outside 50 states and DC
72071,"Isabela Municipio, Puerto Rico",2016,Outside 50 states and DC
72071,"Isabela Municipio, Puerto Rico",2017,Outside 50 states and DC
72071,"Isabela Municipio, Puerto Rico",2018,Outside 50 states and DC
72071,"Isabela Municipio, Puerto Rico",2019,Outside 50 states and DC
72071,"Isabela Municipio, Puerto Rico",2020,Outside 50 states and DC
72071,"Isabela Municipio, Puerto Rico",2021,Outside 50 states and DC
72071,"Isabela Municipio, Puerto Rico",2022,Outside 50 states and DC
72071,"Isabela Municipio, Puerto Rico",2023,Outside 50 states and DC
72071,"Isabela Municipio, Puerto Rico",2024,Outside 50 states and DC
72073,"Jayuya Municipio, Puerto Rico",2010,Outside 50 states and DC
72073,"Jayuya Municipio, Puerto Rico",2011,Outside 50 states and DC
72073,"Jayuya Municipio, Puerto Rico",2012,Outside 50 states and DC
72073,"Jayuya Municipio, Puerto Rico",2013,Outside 50 states and DC
72073,"Jayuya Municipio, Puerto Rico",2014,Outside 50 states and DC
72073,"Jayuya Municipio, Puerto Rico",2015,Outside 50 states and DC
72073,"Jayuya Municipio, Puerto Rico",2016,Outside 50 states and DC
72073,"Jayuya Municipio, Puerto Rico",2017,Outside 50 states and DC
72073,"Jayuya Municipio, Puerto Rico",2018,Outside 50 states and DC
72073,"Jayuya Municipio, Puerto Rico",2019,Outside 50 states and DC
72073,"Jayuya Municipio, Puerto Rico",2020,Outside 50 states and DC
72073,"Jayuya Municipio, Puerto Rico",2021,Outside 50 states and DC
72073,"Jayuya Municipio, Puerto Rico",2022,Outside 50 states and DC
72073,"Jayuya Municipio, Puerto Rico",2023,Outside 50 states and DC
72073,"Jayuya Municipio, Puerto Rico",2024,Outside 50 states and DC
72075,"Juana Díaz Municipio, Puerto Rico",2010,Outside 50 states and DC
72075,"Juana Díaz Municipio, Puerto Rico",2011,Outside 50 states and DC
72075,"Juana Díaz Municipio, Puerto Rico",2012,Outside 50 states and DC
72075,"Juana Díaz Municipio, Puerto Rico",2013,Outside 50 states and DC
72075,"Juana Díaz Municipio, Puerto Rico",2014,Outside 50 states and DC
72075,"Juana Díaz Municipio, Puerto Rico",2015,Outside 50 states and DC
72075,"Juana Díaz Municipio, Puerto Rico",2016,Outside 50 states and DC
72075,"Juana Díaz Municipio, Puerto Rico",2017,Outside 50 states and DC
72075,"Juana Díaz Municipio, Puerto Rico",2018,Outside 50 states and DC
72075,"Juana Díaz Municipio, Puerto Rico",2019,Outside 50 states and DC
72075,"Juana Díaz Municipio, Puerto Rico",2020,Outside 50 states and DC
72075,"Juana Díaz Municipio, Puerto Rico",2021,Outside 50 states and DC
72075,"Juana Díaz Municipio, Puerto Rico",2022,Outside 50 states and DC
72075,"Juana Díaz Municipio, Puerto Rico",2023,Outside 50 states and DC
72075,"Juana Díaz Municipio, Puerto Rico",2024,Outside 50 states and DC
72077,"Juncos Municipio, Puerto Rico",2010,Outside 50 states and DC
72077,"Juncos Municipio, Puerto Rico",2011,Outside 50 states and DC
72077,"Juncos Municipio, Puerto Rico",2012,Outside 50 states and DC
72077,"Juncos Municipio, Puerto Rico",2013,Outside 50 states and DC
72077,"Juncos Municipio, Puerto Rico",2014,Outside 50 states and DC
72077,"Juncos Municipio, Puerto Rico",2015,Outside 50 states and DC
72077,"Juncos Municipio, Puerto Rico",2016,Outside 50 states and DC
72077,"Juncos Municipio, Puerto Rico",2017,Outside 50 states and DC
72077,"Juncos Municipio, Puerto Rico",2018,Outside 50 states and DC
72077,"Juncos Municipio, Puerto Rico",2019,Outside 50 states and DC
72077,"Juncos Municipio, Puerto Rico",2020,Outside 50 states and DC
72077,"Juncos Municipio, Puerto Rico",2021,Outside 50 states and DC
72077,"Juncos Municipio, Puerto Rico",2022,Outside 50 states and DC
72077,"Juncos Municipio, Puerto Rico",2023,Outside 50 states and DC
72077,"Juncos Municipio, Puerto Rico",2024,Outside 50 states and DC
72079,"Lajas Municipio, Puerto Rico",2010,Outside 50 states and DC
72079,"Lajas Municipio, Puerto Rico",2011,Outside 50 states and DC
72079,"Lajas Municipio, Puerto Rico",2012,Outside 50 states and DC
72079,"Lajas Municipio, Puerto Rico",2013,Outside 50 states and DC
72079,"Lajas Municipio, Puerto Rico",2014,Outside 50 states and DC
72079,"Lajas Municipio, Puerto Rico",2015,Outside 50 states and DC
72079,"Lajas Municipio, Puerto Rico",2016,Outside 50 states and DC
72079,"Lajas Municipio, Puerto Rico",2017,Outside 50 states and DC
72079,"Lajas Municipio, Puerto Rico",2018,Outside 50 states and DC
72079,"Lajas Municipio, Puerto Rico",2019,Outside 50 states and DC
72079,"Lajas Municipio, Puerto Rico",2020,Outside 50 states and DC
72079,"Lajas Municipio, Puerto Rico",2021,Outside 50 states and DC
72079,"Lajas Municipio, Puerto Rico",2022,Outside 50 states and DC
72079,"Lajas Municipio, Puerto Rico",2023,Outside 50 states and DC
72079,"Lajas Municipio, Puerto Rico",2024,Outside 50 states and DC
72081,"Lares Municipio, Puerto Rico",2010,Outside 50 states and DC
72081,"Lares Municipio, Puerto Rico",2011,Outside 50 states and DC
72081,"Lares Municipio, Puerto Rico",2012,Outside 50 states and DC
72081,"Lares Municipio, Puerto Rico",2013,Outside 50 states and DC
72081,"Lares Municipio, Puerto Rico",2014,Outside 50 states and DC
72081,"Lares Municipio, Puerto Rico",2015,Outside 50 states and DC
72081,"Lares Municipio, Puerto Rico",2016,Outside 50 states and DC
72081,"Lares Municipio, Puerto Rico",2017,Outside 50 states and DC
72081,"Lares Municipio, Puerto Rico",2018,Outside 50 states and DC
72081,"Lares Municipio, Puerto Rico",2019,Outside 50 states and DC
72081,"Lares Municipio, Puerto Rico",2020,Outside 50 states and DC
72081,"Lares Municipio, Puerto Rico",2021,Outside 50 states and DC
72081,"Lares Municipio, Puerto Rico",2022,Outside 50 states and DC
72081,"Lares Municipio, Puerto Rico",2023,Outside 50 states and DC
72081,"Lares Municipio, Puerto Rico",2024,Outside 50 states and DC
72083,"Las Marías Municipio, Puerto Rico",2010,Outside 50 states and DC
72083,"Las Marías Municipio, Puerto Rico",2011,Outside 50 states and DC
72083,"Las Marías Municipio, Puerto Rico",2012,Outside 50 states and DC
72083,"Las Marías Municipio, Puerto Rico",2013,Outside 50 states and DC
72083,"Las Marías Municipio, Puerto Rico",2014,Outside 50 states and DC
72083,"Las Marías Municipio, Puerto Rico",2015,Outside 50 states and DC
72083,"Las Marías Municipio, Puerto Rico",2016,Outside 50 states and DC
72083,"Las Marías Municipio, Puerto Rico",2017,Outside 50 states and DC
72083,"Las Marías Municipio, Puerto Rico",2018,Outside 50 states and DC
72083,"Las Marías Municipio, Puerto Rico",2019,Outside 50 states and DC
72083,"Las Marías Municipio, Puerto Rico",2020,Outside 50 states and DC
72083,"Las Marías Municipio, Puerto Rico",2021,Outside 50 states and DC
72083,"Las Marías Municipio, Puerto Rico",2022,Outside 50 states and DC
72083,"Las Marías Municipio, Puerto Rico",2023,Outside 50 states and DC
72083,"Las Marías Municipio, Puerto Rico",2024,Outside 50 states and DC
72085,"Las Piedras Municipio, Puerto Rico",2010,Outside 50 states and DC
72085,"Las Piedras Municipio, Puerto Rico",2011,Outside 50 states and DC
72085,"Las Piedras Municipio, Puerto Rico",2012,Outside 50 states and DC
72085,"Las Piedras Municipio, Puerto Rico",2013,Outside 50 states and DC
72085,"Las Piedras Municipio, Puerto Rico",2014,Outside 50 states and DC
72085,"Las Piedras Municipio, Puerto Rico",2015,Outside 50 states and DC
72085,"Las Piedras Municipio, Puerto Rico",2016,Outside 50 states and DC
72085,"Las Piedras Municipio, Puerto Rico",2017,Outside 50 states and DC
72085,"Las Piedras Municipio, Puerto Rico",2018,Outside 50 states and DC
72085,"Las Piedras Municipio, Puerto Rico",2019,Outside 50 states and DC
72085,"Las Piedras Municipio, Puerto Rico",2020,Outside 50 states and DC
72085,"Las Piedras Municipio, Puerto Rico",2021,Outside 50 states and DC
72085,"Las Piedras Municipio, Puerto Rico",2022,Outside 50 states and DC
72085,"Las Piedras Municipio, Puerto Rico",2023,Outside 50 states and DC
72085,"Las Piedras Municipio, Puerto Rico",2024,Outside 50 states and DC
72087,"Loíza Municipio, Puerto Rico",2010,Outside 50 states and DC
72087,"Loíza Municipio, Puerto Rico",2011,Outside 50 states and DC
72087,"Loíza Municipio, Puerto Rico",2012,Outside 50 states and DC
72087,"Loíza Municipio, Puerto Rico",2013,Outside 50 states and DC
72087,"Loíza Municipio, Puerto Rico",2014,Outside 50 states and DC
72087,"Loíza Municipio, Puerto Rico",2015,Outside 50 states and DC
72087,"Loíza Municipio, Puerto Rico",2016,Outside 50 states and DC
72087,"Loíza Municipio, Puerto Rico",2017,Outside 50 states and DC
72087,"Loíza Municipio, Puerto Rico",2018,Outside 50 states and DC
72087,"Loíza Municipio, Puerto Rico",2019,Outside 50 states and DC
72087,"Loíza Municipio, Puerto Rico",2020,Outside 50 states and DC
72087,"Loíza Municipio, Puerto Rico",2021,Outside 50 states and DC
72087,"Loíza Municipio, Puerto Rico",2022,Outside 50 states and DC
72087,"Loíza Municipio, Puerto Rico",2023,Outside 50 states and DC
72087,"Loíza Municipio, Puerto Rico",2024,Outside 50 states and DC
72089,"Luquillo Municipio, Puerto Rico",2010,Outside 50 states and DC
72089,"Luquillo Municipio, Puerto Rico",2011,Outside 50 states and DC
72089,"Luquillo Municipio, Puerto Rico",2012,Outside 50 states and DC
72089,"Luquillo Municipio, Puerto Rico",2013,Outside 50 states and DC
72089,"Luquillo Municipio, Puerto Rico",2014,Outside 50 states and DC
72089,"Luquillo Municipio, Puerto Rico",2015,Outside 50 states and DC
72089,"Luquillo Municipio, Puerto Rico",2016,Outside 50 states and DC
72089,"Luquillo Municipio, Puerto Rico",2017,Outside 50 states and DC
72089,"Luquillo Municipio, Puerto Rico",2018,Outside 50 states and DC
72089,"Luquillo Municipio, Puerto Rico",2019,Outside 50 states and DC
72089,"Luquillo Municipio, Puerto Rico",2020,Outside 50 states and DC
72089,"Luquillo Municipio, Puerto Rico",2021,Outside 50 states and DC
72089,"Luquillo Municipio, Puerto Rico",2022,Outside 50 states and DC
72089,"Luquillo Municipio, Puerto Rico",2023,Outside 50 states and DC
72089,"Luquillo Municipio, Puerto Rico",2024,Outside 50 states and DC
72091,"Manatí Municipio, Puerto Rico",2010,Outside 50 states and DC
72091,"Manatí Municipio, Puerto Rico",2011,Outside 50 states and DC
72091,"Manatí Municipio, Puerto Rico",2012,Outside 50 states and DC
72091,"Manatí Municipio, Puerto Rico",2013,Outside 50 states and DC
72091,"Manatí Municipio, Puerto Rico",2014,Outside 50 states and DC
72091,"Manatí Municipio, Puerto Rico",2015,Outside 50 states and DC
72091,"Manatí Municipio, Puerto Rico",2016,Outside 50 states and DC
72091,"Manatí Municipio, Puerto Rico",2017,Outside 50 states and DC
72091,"Manatí Municipio, Puerto Rico",2018,Outside 50 states and DC
72091,"Manatí Municipio, Puerto Rico",2019,Outside 50 states and DC
72091,"Manatí Municipio, Puerto Rico",2020,Outside 50 states and DC
72091,"Manatí Municipio, Puerto Rico",2021,Outside 50 states and DC
72091,"Manatí Municipio, Puerto Rico",2022,Outside 50 states and DC
72091,"Manatí Municipio, Puerto Rico",2023,Outside 50 states and DC
72091,"Manatí Municipio, Puerto Rico",2024,Outside 50 states and DC
72093,"Maricao Municipio, Puerto Rico",2010,Outside 50 states and DC
72093,"Maricao Municipio, Puerto Rico",2011,Outside 50 states and DC
72093,"Maricao Municipio, Puerto Rico",2012,Outside 50 states and DC
72093,"Maricao Municipio, Puerto Rico",2013,Outside 50 states and DC
72093,"Maricao Municipio, Puerto Rico",2014,Outside 50 states and DC
72093,"Maricao Municipio, Puerto Rico",2015,Outside 50 states and DC
72093,"Maricao Municipio, Puerto Rico",2016,Outside 50 states and DC
72093,"Maricao Municipio, Puerto Rico",2017,Outside 50 states and DC
72093,"Maricao Municipio, Puerto Rico",2018,Outside 50 states and DC
72093,"Maricao Municipio, Puerto Rico",2019,Outside 50 states and DC
72093,"Maricao Municipio, Puerto Rico",2020,Outside 50 states and DC
72093,"Maricao Municipio, Puerto Rico",2021,Outside 50 states and DC
72093,"Maricao Municipio, Puerto Rico",2022,Outside 50 states and DC
72093,"Maricao Municipio, Puerto Rico",2023,Outside 50 states and DC
72093,"Maricao Municipio, Puerto Rico",2024,Outside 50 states and DC
72095,"Maunabo Municipio, Puerto Rico",2010,Outside 50 states and DC
72095,"Maunabo Municipio, Puerto Rico",2011,Outside 50 states and DC
72095,"Maunabo Municipio, Puerto Rico",2012,Outside 50 states and DC
72095,"Maunabo Municipio, Puerto Rico",2013,Outside 50 states and DC
72095,"Maunabo Municipio, Puerto Rico",2014,Outside 50 states and DC
72095,"Maunabo Municipio, Puerto Rico",2015,Outside 50 states and DC
72095,"Maunabo Municipio, Puerto Rico",2016,Outside 50 states and DC
72095,"Maunabo Municipio, Puerto Rico",2017,Outside 50 states and DC
72095,"Maunabo Municipio, Puerto Rico",2018,Outside 50 states and DC
72095,"Maunabo Municipio, Puerto Rico",2019,Outside 50 states and DC
72095,"Maunabo Municipio, Puerto Rico",2020,Outside 50 states and DC
72095,"Maunabo Municipio, Puerto Rico",2021,Outside 50 states and DC
72095,"Maunabo Municipio, Puerto Rico",2022,Outside 50 states and DC
72095,"Maunabo Municipio, Puerto Rico",2023,Outside 50 states and DC
72095,"Maunabo Municipio, Puerto Rico",2024,Outside 50 states and DC
72097,"Mayagüez Municipio, Puerto Rico",2010,Outside 50 states and DC
72097,"Mayagüez Municipio, Puerto Rico",2011,Outside 50 states and DC
72097,"Mayagüez Municipio, Puerto Rico",2012,Outside 50 states and DC
72097,"Mayagüez Municipio, Puerto Rico",2013,Outside 50 states and DC
72097,"Mayagüez Municipio, Puerto Rico",2014,Outside 50 states and DC
72097,"Mayagüez Municipio, Puerto Rico",2015,Outside 50 states and DC
72097,"Mayagüez Municipio, Puerto Rico",2016,Outside 50 states and DC
72097,"Mayagüez Municipio, Puerto Rico",2017,Outside 50 states and DC
72097,"Mayagüez Municipio, Puerto Rico",2018,Outside 50 states and DC
72097,"Mayagüez Municipio, Puerto Rico",2019,Outside 50 states and DC
72097,"Mayagüez Municipio, Puerto Rico",2020,Outside 50 states and DC
72097,"Mayagüez Municipio, Puerto Rico",2021,Outside 50 states and DC
72097,"Mayagüez Municipio, Puerto Rico",2022,Outside 50 states and DC
72097,"Mayagüez Municipio, Puerto Rico",2023,Outside 50 states and DC
72097,"Mayagüez Municipio, Puerto Rico",2024,Outside 50 states and DC
72099,"Moca Municipio, Puerto Rico",2010,Outside 50 states and DC
72099,"Moca Municipio, Puerto Rico",2011,Outside 50 states and DC
72099,"Moca Municipio, Puerto Rico",2012,Outside 50 states and DC
72099,"Moca Municipio, Puerto Rico",2013,Outside 50 states and DC
72099,"Moca Municipio, Puerto Rico",2014,Outside 50 states and DC
72099,"Moca Municipio, Puerto Rico",2015,Outside 50 states and DC
72099,"Moca Municipio, Puerto Rico",2016,Outside 50 states and DC
72099,"Moca Municipio, Puerto Rico",2017,Outside 50 states and DC
72099,"Moca Municipio, Puerto Rico",2018,Outside 50 states and DC
72099,"Moca Municipio, Puerto Rico",2019,Outside 50 states and DC
72099,"Moca Municipio, Puerto Rico",2020,Outside 50 states and DC
72099,"Moca Municipio, Puerto Rico",2021,Outside 50 states and DC
72099,"Moca Municipio, Puerto Rico",2022,Outside 50 states and DC
72099,"Moca Municipio, Puerto Rico",2023,Outside 50 states and DC
72099,"Moca Municipio, Puerto Rico",2024,Outside 50 states and DC
72101,"Morovis Municipio, Puerto Rico",2010,Outside 50 states and DC
72101,"Morovis Municipio, Puerto Rico",2011,Outside 50 states and DC
72101,"Morovis Municipio, Puerto Rico",2012,Outside 50 states and DC
72101,"Morovis Municipio, Puerto Rico",2013,Outside 50 states and DC
72101,"Morovis Municipio, Puerto Rico",2014,Outside 50 states and DC
72101,"Morovis Municipio, Puerto Rico",2015,Outside 50 states and DC
72101,"Morovis Municipio, Puerto Rico",2016,Outside 50 states and DC
72101,"Morovis Municipio, Puerto Rico",2017,Outside 50 states and DC
72101,"Morovis Municipio, Puerto Rico",2018,Outside 50 states and DC
72101,"Morovis Municipio, Puerto Rico",2019,Outside 50 states and DC
72101,"Morovis Municipio, Puerto Rico",2020,Outside 50 states and DC
72101,"Morovis Municipio, Puerto Rico",2021,Outside 50 states and DC
72101,"Morovis Municipio, Puerto Rico",2022,Outside 50 states and DC
72101,"Morovis Municipio, Puerto Rico",2023,Outside 50 states and DC
72101,"Morovis Municipio, Puerto Rico",2024,Outside 50 states and DC
72103,"Naguabo Municipio, Puerto Rico",2010,Outside 50 states and DC
72103,"Naguabo Municipio, Puerto Rico",2011,Outside 50 states and DC
72103,"Naguabo Municipio, Puerto Rico",2012,Outside 50 states and DC
72103,"Naguabo Municipio, Puerto Rico",2013,Outside 50 states and DC
72103,"Naguabo Municipio, Puerto Rico",2014,Outside 50 states and DC
72103,"Naguabo Municipio, Puerto Rico",2015,Outside 50 states and DC
72103,"Naguabo Municipio, Puerto Rico",2016,Outside 50 states and DC
72103,"Naguabo Municipio, Puerto Rico",2017,Outside 50 states and DC
72103,"Naguabo Municipio, Puerto Rico",2018,Outside 50 states and DC
72103,"Naguabo Municipio, Puerto Rico",2019,Outside 50 states and DC
72103,"Naguabo Municipio, Puerto Rico",2020,Outside 50 states and DC
72103,"Naguabo Municipio, Puerto Rico",2021,Outside 50 states and DC
72103,"Naguabo Municipio, Puerto Rico",2022,Outside 50 states and DC
72103,"Naguabo Municipio, Puerto Rico",2023,Outside 50 states and DC
72103,"Naguabo Municipio, Puerto Rico",2024,Outside 50 states and DC
72105,"Naranjito Municipio, Puerto Rico",2010,Outside 50 states and DC
72105,"Naranjito Municipio, Puerto Rico",2011,Outside 50 states and DC
72105,"Naranjito Municipio, Puerto Rico",2012,Outside 50 states and DC
72105,"Naranjito Municipio, Puerto Rico",2013,Outside 50 states and DC
72105,"Naranjito Municipio, Puerto Rico",2014,Outside 50 states and DC
72105,"Naranjito Municipio, Puerto Rico",2015,Outside 50 states and DC
72105,"Naranjito Municipio, Puerto Rico",2016,Outside 50 states and DC
72105,"Naranjito Municipio, Puerto Rico",2017,Outside 50 states and DC
72105,"Naranjito Municipio, Puerto Rico",2018,Outside 50 states and DC
72105,"Naranjito Municipio, Puerto Rico",2019,Outside 50 states and DC
72105,"Naranjito Municipio, Puerto Rico",2020,Outside 50 states and DC
72105,"Naranjito Municipio, Puerto Rico",2021,Outside 50 states and DC
72105,"Naranjito Municipio, Puerto Rico",2022,Outside 50 states and DC
72105,"Naranjito Municipio, Puerto Rico",2023,Outside 50 states and DC
72105,"Naranjito Municipio, Puerto Rico",2024,Outside 50 states and DC
72107,"Orocovis Municipio, Puerto Rico",2010,Outside 50 states and DC
72107,"Orocovis Municipio, Puerto Rico",2011,Outside 50 states and DC
72107,"Orocovis Municipio, Puerto Rico",2012,Outside 50 states and DC
72107,"Orocovis Municipio, Puerto Rico",2013,Outside 50 states and DC
72107,"Orocovis Municipio, Puerto Rico",2014,Outside 50 states and DC
72107,"Orocovis Municipio, Puerto Rico",2015,Outside 50 states and DC
72107,"Orocovis Municipio, Puerto Rico",2016,Outside 50 states and DC
72107,"Orocovis Municipio, Puerto Rico",2017,Outside 50 states and DC
72107,"Orocovis Municipio, Puerto Rico",2018,Outside 50 states and DC
72107,"Orocovis Municipio, Puerto Rico",2019,Outside 50 states and DC
72107,"Orocovis Municipio, Puerto Rico",2020,Outside 50 states and DC
72107,"Orocovis Municipio, Puerto Rico",2021,Outside 50 states and DC
72107,"Orocovis Municipio, Puerto Rico",2022,Outside 50 states and DC
72107,"Orocovis Municipio, Puerto Rico",2023,Outside 50 states and DC
72107,"Orocovis Municipio, Puerto Rico",2024,Outside 50 states and DC
72109,"Patillas Municipio, Puerto Rico",2010,Outside 50 states and DC
72109,"Patillas Municipio, Puerto Rico",2011,Outside 50 states and DC
72109,"Patillas Municipio, Puerto Rico",2012,Outside 50 states and DC
72109,"Patillas Municipio, Puerto Rico",2013,Outside 50 states and DC
72109,"Patillas Municipio, Puerto Rico",2014,Outside 50 states and DC
72109,"Patillas Municipio, Puerto Rico",2015,Outside 50 states and DC
72109,"Patillas Municipio, Puerto Rico",2016,Outside 50 states and DC
72109,"Patillas Municipio, Puerto Rico",2017,Outside 50 states and DC
72109,"Patillas Municipio, Puerto Rico",2018,Outside 50 states and DC
72109,"Patillas Municipio, Puerto Rico",2019,Outside 50 states and DC
72109,"Patillas Municipio, Puerto Rico",2020,Outside 50 states and DC
72109,"Patillas Municipio, Puerto Rico",2021,Outside 50 states and DC
72109,"Patillas Municipio, Puerto Rico",2022,Outside 50 states and DC
72109,"Patillas Municipio, Puerto Rico",2023,Outside 50 states and DC
72109,"Patillas Municipio, Puerto Rico",2024,Outside 50 states and DC
72111,"Peñuelas Municipio, Puerto Rico",2010,Outside 50 states and DC
72111,"Peñuelas Municipio, Puerto Rico",2011,Outside 50 states and DC
72111,"Peñuelas Municipio, Puerto Rico",2012,Outside 50 states and DC
72111,"Peñuelas Municipio, Puerto Rico",2013,Outside 50 states and DC
72111,"Peñuelas Municipio, Puerto Rico",2014,Outside 50 states and DC
72111,"Peñuelas Municipio, Puerto Rico",2015,Outside 50 states and DC
72111,"Peñuelas Municipio, Puerto Rico",2016,Outside 50 states and DC
72111,"Peñuelas Municipio, Puerto Rico",2017,Outside 50 states and DC
72111,"Peñuelas Municipio, Puerto Rico",2018,Outside 50 states and DC
72111,"Peñuelas Municipio, Puerto Rico",2019,Outside 50 states and DC
72111,"Peñuelas Municipio, Puerto Rico",2020,Outside 50 states and DC
72111,"Peñuelas Municipio, Puerto Rico",2021,Outside 50 states and DC
72111,"Peñuelas Municipio, Puerto Rico",2022,Outside 50 states and DC
72111,"Peñuelas Municipio, Puerto Rico",2023,Outside 50 states and DC
72111,"Peñuelas Municipio, Puerto Rico",2024,Outside 50 states and DC
72113,"Ponce Municipio, Puerto Rico",2010,Outside 50 states and DC
72113,"Ponce Municipio, Puerto Rico",2011,Outside 50 states and DC
72113,"Ponce Municipio, Puerto Rico",2012,Outside 50 states and DC
72113,"Ponce Municipio, Puerto Rico",2013,Outside 50 states and DC
72113,"Ponce Municipio, Puerto Rico",2014,Outside 50 states and DC
72113,"Ponce Municipio, Puerto Rico",2015,Outside 50 states and DC
72113,"Ponce Municipio, Puerto Rico",2016,Outside 50 states and DC
72113,"Ponce Municipio, Puerto Rico",2017,Outside 50 states and DC
72113,"Ponce Municipio, Puerto Rico",2018,Outside 50 states and DC
72113,"Ponce Municipio, Puerto Rico",2019,Outside 50 states and DC
72113,"Ponce Municipio, Puerto Rico",2020,Outside 50 states and DC
72113,"Ponce Municipio, Puerto Rico",2021,Outside 50 states and DC
72113,"Ponce Municipio, Puerto Rico",2022,Outside 50 states and DC
72113,"Ponce Municipio, Puerto Rico",2023,Outside 50 states and DC
72113,"Ponce Municipio, Puerto Rico",2024,Outside 50 states and DC
72115,"Quebradillas Municipio, Puerto Rico",2010,Outside 50 states and DC
72115,"Quebradillas Municipio, Puerto Rico",2011,Outside 50 states and DC
72115,"Quebradillas Municipio, Puerto Rico",2012,Outside 50 states and DC
72115,"Quebradillas Municipio, Puerto Rico",2013,Outside 50 states and DC
72115,"Quebradillas Municipio, Puerto Rico",2014,Outside 50 states and DC
72115,"Quebradillas Municipio, Puerto Rico",2015,Outside 50 states and DC
72115,"Quebradillas Municipio, Puerto Rico",2016,Outside 50 states and DC
72115,"Quebradillas Municipio, Puerto Rico",2017,Outside 50 states and DC
72115,"Quebradillas Municipio, Puerto Rico",2018,Outside 50 states and DC
72115,"Quebradillas Municipio, Puerto Rico",2019,Outside 50 states and DC
72115,"Quebradillas Municipio, Puerto Rico",2020,Outside 50 states and DC
72115,"Quebradillas Municipio, Puerto Rico",2021,Outside 50 states and DC
72115,"Quebradillas Municipio, Puerto Rico",2022,Outside 50 states and DC
72115,"Quebradillas Municipio, Puerto Rico",2023,Outside 50 states and DC
72115,"Quebradillas Municipio, Puerto Rico",2024,Outside 50 states and DC
72117,"Rincón Municipio, Puerto Rico",2010,Outside 50 states and DC
72117,"Rincón Municipio, Puerto Rico",2011,Outside 50 states and DC
72117,"Rincón Municipio, Puerto Rico",2012,Outside 50 states and DC
72117,"Rincón Municipio, Puerto Rico",2013,Outside 50 states and DC
72117,"Rincón Municipio, Puerto Rico",2014,Outside 50 states and DC
72117,"Rincón Municipio, Puerto Rico",2015,Outside 50 states and DC
72117,"Rincón Municipio, Puerto Rico",2016,Outside 50 states and DC
72117,"Rincón Municipio, Puerto Rico",2017,Outside 50 states and DC
72117,"Rincón Municipio, Puerto Rico",2018,Outside 50 states and DC
72117,"Rincón Municipio, Puerto Rico",2019,Outside 50 states and DC
72117,"Rincón Municipio, Puerto Rico",2020,Outside 50 states and DC
72117,"Rincón Municipio, Puerto Rico",2021,Outside 50 states and DC
72117,"Rincón Municipio, Puerto Rico",2022,Outside 50 states and DC
72117,"Rincón Municipio, Puerto Rico",2023,Outside 50 states and DC
72117,"Rincón Municipio, Puerto Rico",2024,Outside 50 states and DC
72119,"Río Grande Municipio, Puerto Rico",2010,Outside 50 states and DC
72119,"Río Grande Municipio, Puerto Rico",2011,Outside 50 states and DC
72119,"Río Grande Municipio, Puerto Rico",2012,Outside 50 states and DC
72119,"Río Grande Municipio, Puerto Rico",2013,Outside 50 states and DC
72119,"Río Grande Municipio, Puerto Rico",2014,Outside 50 states and DC
72119,"Río Grande Municipio, Puerto Rico",2015,Outside 50 states and DC
72119,"Río Grande Municipio, Puerto Rico",2016,Outside 50 states and DC
72119,"Río Grande Municipio, Puerto Rico",2017,Outside 50 states and DC
72119,"Río Grande Municipio, Puerto Rico",2018,Outside 50 states and DC
72119,"Río Grande Municipio, Puerto Rico",2019,Outside 50 states and DC
72119,"Río Grande Municipio, Puerto Rico",2020,Outside 50 states and DC
72119,"Río Grande Municipio, Puerto Rico",2021,Outside 50 states and DC
72119,"Río Grande Municipio, Puerto Rico",2022,Outside 50 states and DC
72119,"Río Grande Municipio, Puerto Rico",2023,Outside 50 states and DC
72119,"Río Grande Municipio, Puerto Rico",2024,Outside 50 states and DC
72121,"Sabana Grande Municipio, Puerto Rico",2010,Outside 50 states and DC
72121,"Sabana Grande Municipio, Puerto Rico",2011,Outside 50 states and DC
72121,"Sabana Grande Municipio, Puerto Rico",2012,Outside 50 states and DC
72121,"Sabana Grande Municipio, Puerto Rico",2013,Outside 50 states and DC
72121,"Sabana Grande Municipio, Puerto Rico",2014,Outside 50 states and DC
72121,"Sabana Grande Municipio, Puerto Rico",2015,Outside 50 states and DC
72121,"Sabana Grande Municipio, Puerto Rico",2016,Outside 50 states and DC
72121,"Sabana Grande Municipio, Puerto Rico",2017,Outside 50 states and DC
72121,"Sabana Grande Municipio, Puerto Rico",2018,Outside 50 states and DC
72121,"Sabana Grande Municipio, Puerto Rico",2019,Outside 50 states and DC
72121,"Sabana Grande Municipio, Puerto Rico",2020,Outside 50 states and DC
72121,"Sabana Grande Municipio, Puerto Rico",2021,Outside 50 states and DC
72121,"Sabana Grande Municipio, Puerto Rico",2022,Outside 50 states and DC
72121,"Sabana Grande Municipio, Puerto Rico",2023,Outside 50 states and DC
72121,"Sabana Grande Municipio, Puerto Rico",2024,Outside 50 states and DC
72123,"Salinas Municipio, Puerto Rico",2010,Outside 50 states and DC
72123,"Salinas Municipio, Puerto Rico",2011,Outside 50 states and DC
72123,"Salinas Municipio, Puerto Rico",2012,Outside 50 states and DC
72123,"Salinas Municipio, Puerto Rico",2013,Outside 50 states and DC
72123,"Salinas Municipio, Puerto Rico",2014,Outside 50 states and DC
72123,"Salinas Municipio, Puerto Rico",2015,Outside 50 states and DC
72123,"Salinas Municipio, Puerto Rico",2016,Outside 50 states and DC
72123,"Salinas Municipio, Puerto Rico",2017,Outside 50 states and DC
72123,"Salinas Municipio, Puerto Rico",2018,Outside 50 states and DC
72123,"Salinas Municipio, Puerto Rico",2019,Outside 50 states and DC
72123,"Salinas Municipio, Puerto Rico",2020,Outside 50 states and DC
72123,"Salinas Municipio, Puerto Rico",2021,Outside 50 states and DC
72123,"Salinas Municipio, Puerto Rico",2022,Outside 50 states and DC
72123,"Salinas Municipio, Puerto Rico",2023,Outside 50 states and DC
72123,"Salinas Municipio, Puerto Rico",2024,Outside 50 states and DC
72125,"San Germán Municipio, Puerto Rico",2010,Outside 50 states and DC
72125,"San Germán Municipio, Puerto Rico",2011,Outside 50 states and DC
72125,"San Germán Municipio, Puerto Rico",2012,Outside 50 states and DC
72125,"San Germán Municipio, Puerto Rico",2013,Outside 50 states and DC
72125,"San Germán Municipio, Puerto Rico",2014,Outside 50 states and DC
72125,"San Germán Municipio, Puerto Rico",2015,Outside 50 states and DC
72125,"San Germán Municipio, Puerto Rico",2016,Outside 50 states and DC
72125,"San Germán Municipio, Puerto Rico",2017,Outside 50 states and DC
72125,"San Germán Municipio, Puerto Rico",2018,Outside 50 states and DC
72125,"San Germán Municipio, Puerto Rico",2019,Outside 50 states and DC
72125,"San Germán Municipio, Puerto Rico",2020,Outside 50 states and DC
72125,"San Germán Municipio, Puerto Rico",2021,Outside 50 states and DC
72125,"San Germán Municipio, Puerto Rico",2022,Outside 50 states and DC
72125,"San Germán Municipio, Puerto Rico",2023,Outside 50 states and DC
72125,"San Germán Municipio, Puerto Rico",2024,Outside 50 states and DC
72127,"San Juan Municipio, Puerto Rico",2010,Outside 50 states and DC
72127,"San Juan Municipio, Puerto Rico",2011,Outside 50 states and DC
72127,"San Juan Municipio, Puerto Rico",2012,Outside 50 states and DC
72127,"San Juan Municipio, Puerto Rico",2013,Outside 50 states and DC
72127,"San Juan Municipio, Puerto Rico",2014,Outside 50 states and DC
72127,"San Juan Municipio, Puerto Rico",2015,Outside 50 states and DC
72127,"San Juan Municipio, Puerto Rico",2016,Outside 50 states and DC
72127,"San Juan Municipio, Puerto Rico",2017,Outside 50 states and DC
72127,"San Juan Municipio, Puerto Rico",2018,Outside 50 states and DC
72127,"San Juan Municipio, Puerto Rico",2019,Outside 50 states and DC
72127,"San Juan Municipio, Puerto Rico",2020,Outside 50 states and DC
72127,"San Juan Municipio, Puerto Rico",2021,Outside 50 states and DC
72127,"San Juan Municipio, Puerto Rico",2022,Outside 50 states and DC
72127,"San Juan Municipio, Puerto Rico",2023,Outside 50 states and DC
72127,"San Juan Municipio, Puerto Rico",2024,Outside 50 states and DC
72129,"San Lorenzo Municipio, Puerto Rico",2010,Outside 50 states and DC
72129,"San Lorenzo Municipio, Puerto Rico",2011,Outside 50 states and DC
72129,"San Lorenzo Municipio, Puerto Rico",2012,Outside 50 states and DC
72129,"San Lorenzo Municipio, Puerto Rico",2013,Outside 50 states and DC
72129,"San Lorenzo Municipio, Puerto Rico",2014,Outside 50 states and DC
72129,"San Lorenzo Municipio, Puerto Rico",2015,Outside 50 states and DC
72129,"San Lorenzo Municipio, Puerto Rico",2016,Outside 50 states and DC
72129,"San Lorenzo Municipio, Puerto Rico",2017,Outside 50 states and DC
72129,"San Lorenzo Municipio, Puerto Rico",2018,Outside 50 states and DC
72129,"San Lorenzo Municipio, Puerto Rico",2019,Outside 50 states and DC
72129,"San Lorenzo Municipio, Puerto Rico",2020,Outside 50 states and DC
72129,"San Lorenzo Municipio, Puerto Rico",2021,Outside 50 states and DC
72129,"San Lorenzo Municipio, Puerto Rico",2022,Outside 50 states and DC
72129,"San Lorenzo Municipio, Puerto Rico",2023,Outside 50 states and DC
72129,"San Lorenzo Municipio, Puerto Rico",2024,Outside 50 states and DC
72131,"San Sebastián Municipio, Puerto Rico",2010,Outside 50 states and DC
72131,"San Sebastián Municipio, Puerto Rico",2011,Outside 50 states and DC
72131,"San Sebastián Municipio, Puerto Rico",2012,Outside 50 states and DC
72131,"San Sebastián Municipio, Puerto Rico",2013,Outside 50 states and DC
72131,"San Sebastián Municipio, Puerto Rico",2014,Outside 50 states and DC
72131,"San Sebastián Municipio, Puerto Rico",2015,Outside 50 states and DC
72131,"San Sebastián Municipio, Puerto Rico",2016,Outside 50 states and DC
72131,"San Sebastián Municipio, Puerto Rico",2017,Outside 50 states and DC
72131,"San Sebastián Municipio, Puerto Rico",2018,Outside 50 states and DC
72131,"San Sebastián Municipio, Puerto Rico",2019,Outside 50 states and DC
72131,"San Sebastián Municipio, Puerto Rico",2020,Outside 50 states and DC
72131,"San Sebastián Municipio, Puerto Rico",2021,Outside 50 states and DC
72131,"San Sebastián Municipio, Puerto Rico",2022,Outside 50 states and DC
72131,"San Sebastián Municipio, Puerto Rico",2023,Outside 50 states and DC
72131,"San Sebastián Municipio, Puerto Rico",2024,Outside 50 states and DC
72133,"Santa Isabel Municipio, Puerto Rico",2010,Outside 50 states and DC
72133,"Santa Isabel Municipio, Puerto Rico",2011,Outside 50 states and DC
72133,"Santa Isabel Municipio, Puerto Rico",2012,Outside 50 states and DC
72133,"Santa Isabel Municipio, Puerto Rico",2013,Outside 50 states and DC
72133,"Santa Isabel Municipio, Puerto Rico",2014,Outside 50 states and DC
72133,"Santa Isabel Municipio, Puerto Rico",2015,Outside 50 states and DC
72133,"Santa Isabel Municipio, Puerto Rico",2016,Outside 50 states and DC
72133,"Santa Isabel Municipio, Puerto Rico",2017,Outside 50 states and DC
72133,"Santa Isabel Municipio, Puerto Rico",2018,Outside 50 states and DC
72133,"Santa Isabel Municipio, Puerto Rico",2019,Outside 50 states and DC
72133,"Santa Isabel Municipio, Puerto Rico",2020,Outside 50 states and DC
72133,"Santa Isabel Municipio, Puerto Rico",2021,Outside 50 states and DC
72133,"Santa Isabel Municipio, Puerto Rico",2022,Outside 50 states and DC
72133,"Santa Isabel Municipio, Puerto Rico",2023,Outside 50 states and DC
72133,"Santa Isabel Municipio, Puerto Rico",2024,Outside 50 states and DC
72135,"Toa Alta Municipio, Puerto Rico",2010,Outside 50 states and DC
72135,"Toa Alta Municipio, Puerto Rico",2011,Outside 50 states and DC
72135,"Toa Alta Municipio, Puerto Rico",2012,Outside 50 states and DC
72135,"Toa Alta Municipio, Puerto Rico",2013,Outside 50 states and DC
72135,"Toa Alta Municipio, Puerto Rico",2014,Outside 50 states and DC
72135,"Toa Alta Municipio, Puerto Rico",2015,Outside 50 states and DC
72135,"Toa Alta Municipio, Puerto Rico",2016,Outside 50 states and DC
72135,"Toa Alta Municipio, Puerto Rico",2017,Outside 50 states and DC
72135,"Toa Alta Municipio, Puerto Rico",2018,Outside 50 states and DC
72135,"Toa Alta Municipio, Puerto Rico",2019,Outside 50 states and DC
72135,"Toa Alta Municipio, Puerto Rico",2020,Outside 50 states and DC
72135,"Toa Alta Municipio, Puerto Rico",2021,Outside 50 states and DC
72135,"Toa Alta Municipio, Puerto Rico",2022,Outside 50 states and DC
72135,"Toa Alta Municipio, Puerto Rico",2023,Outside 50 states and DC
72135,"Toa Alta Municipio, Puerto Rico",2024,Outside 50 states and DC
72137,"Toa Baja Municipio, Puerto Rico",2010,Outside 50 states and DC
72137,"Toa Baja Municipio, Puerto Rico",2011,Outside 50 states and DC
72137,"Toa Baja Municipio, Puerto Rico",2012,Outside 50 states and DC
72137,"Toa Baja Municipio, Puerto Rico",2013,Outside 50 states and DC
72137,"Toa Baja Municipio, Puerto Rico",2014,Outside 50 states and DC
72137,"Toa Baja Municipio, Puerto Rico",2015,Outside 50 states and DC
72137,"Toa Baja Municipio, Puerto Rico",2016,Outside 50 states and DC
72137,"Toa Baja Municipio, Puerto Rico",2017,Outside 50 states and DC
72137,"Toa Baja Municipio, Puerto Rico",2018,Outside 50 states and DC
72137,"Toa Baja Municipio, Puerto Rico",2019,Outside 50 states and DC
72137,"Toa Baja Municipio, Puerto Rico",2020,Outside 50 states and DC
72137,"Toa Baja Municipio, Puerto Rico",2021,Outside 50 states and DC
72137,"Toa Baja Municipio, Puerto Rico",2022,Outside 50 states and DC
72137,"Toa Baja Municipio, Puerto Rico",2023,Outside 50 states and DC
72137,"Toa Baja Municipio, Puerto Rico",2024,Outside 50 states and DC
72139,"Trujillo Alto Municipio, Puerto Rico",2010,Outside 50 states and DC
72139,"Trujillo Alto Municipio, Puerto Rico",2011,Outside 50 states and DC
72139,"Trujillo Alto Municipio, Puerto Rico",2012,Outside 50 states and DC
72139,"Trujillo Alto Municipio, Puerto Rico",2013,Outside 50 states and DC
72139,"Trujillo Alto Municipio, Puerto Rico",2014,Outside 50 states and DC
72139,"Trujillo Alto Municipio, Puerto Rico",2015,Outside 50 states and DC
72139,"Trujillo Alto Municipio, Puerto Rico",2016,Outside 50 states and DC
72139,"Trujillo Alto Municipio, Puerto Rico",2017,Outside 50 states and DC
72139,"Trujillo Alto Municipio, Puerto Rico",2018,Outside 50 states and DC
72139,"Trujillo Alto Municipio, Puerto Rico",2019,Outside 50 states and DC
72139,"Trujillo Alto Municipio, Puerto Rico",2020,Outside 50 states and DC
72139,"Trujillo Alto Municipio, Puerto Rico",2021,Outside 50 states and DC
72139,"Trujillo Alto Municipio, Puerto Rico",2022,Outside 50 states and DC
72139,"Trujillo Alto Municipio, Puerto Rico",2023,Outside 50 states and DC
72139,"Trujillo Alto Municipio, Puerto Rico",2024,Outside 50 states and DC
72141,"Utuado Municipio, Puerto Rico",2010,Outside 50 states and DC
72141,"Utuado Municipio, Puerto Rico",2011,Outside 50 states and DC
72141,"Utuado Municipio, Puerto Rico",2012,Outside 50 states and DC
72141,"Utuado Municipio, Puerto Rico",2013,Outside 50 states and DC
72141,"Utuado Municipio, Puerto Rico",2014,Outside 50 states and DC
72141,"Utuado Municipio, Puerto Rico",2015,Outside 50 states and DC
72141,"Utuado Municipio, Puerto Rico",2016,Outside 50 states and DC
72141,"Utuado Municipio, Puerto Rico",2017,Outside 50 states and DC
72141,"Utuado Municipio, Puerto Rico",2018,Outside 50 states and DC
72141,"Utuado Municipio, Puerto Rico",2019,Outside 50 states and DC
72141,"Utuado Municipio, Puerto Rico",2020,Outside 50 states and DC
72141,"Utuado Municipio, Puerto Rico",2021,Outside 50 states and DC
72141,"Utuado Municipio, Puerto Rico",2022,Outside 50 states and DC
72141,"Utuado Municipio, Puerto Rico",2023,Outside 50 states and DC
72141,"Utuado Municipio, Puerto Rico",2024,Outside 50 states and DC
72143,"Vega Alta Municipio, Puerto Rico",2010,Outside 50 states and DC
72143,"Vega Alta Municipio, Puerto Rico",2011,Outside 50 states and DC
72143,"Vega Alta Municipio, Puerto Rico",2012,Outside 50 states and DC
72143,"Vega Alta Municipio, Puerto Rico",2013,Outside 50 states and DC
72143,"Vega Alta Municipio, Puerto Rico",2014,Outside 50 states and DC
72143,"Vega Alta Municipio, Puerto Rico",2015,Outside 50 states and DC
72143,"Vega Alta Municipio, Puerto Rico",2016,Outside 50 states and DC
72143,"Vega Alta Municipio, Puerto Rico",2017,Outside 50 states and DC
72143,"Vega Alta Municipio, Puerto Rico",2018,Outside 50 states and DC
72143,"Vega Alta Municipio, Puerto Rico",2019,Outside 50 states and DC
72143,"Vega Alta Municipio, Puerto Rico",2020,Outside 50 states and DC
72143,"Vega Alta Municipio, Puerto Rico",2021,Outside 50 states and DC
72143,"Vega Alta Municipio, Puerto Rico",2022,Outside 50 states and DC
72143,"Vega Alta Municipio, Puerto Rico",2023,Outside 50 states and DC
72143,"Vega Alta Municipio, Puerto Rico",2024,Outside 50 states and DC
72145,"Vega Baja Municipio, Puerto Rico",2010,Outside 50 states and DC
72145,"Vega Baja Municipio, Puerto Rico",2011,Outside 50 states and DC
72145,"Vega Baja Municipio, Puerto Rico",2012,Outside 50 states and DC
72145,"Vega Baja Municipio, Puerto Rico",2013,Outside 50 states and DC
72145,"Vega Baja Municipio, Puerto Rico",2014,Outside 50 states and DC
72145,"Vega Baja Municipio, Puerto Rico",2015,Outside 50 states and DC
72145,"Vega Baja Municipio, Puerto Rico",2016,Outside 50 states and DC
72145,"Vega Baja Municipio, Puerto Rico",2017,Outside 50 states and DC
72145,"Vega Baja Municipio, Puerto Rico",2018,Outside 50 states and DC
72145,"Vega Baja Municipio, Puerto Rico",2019,Outside 50 states and DC
72145,"Vega Baja Municipio, Puerto Rico",2020,Outside 50 states and DC
72145,"Vega Baja Municipio, Puerto Rico",2021,Outside 50 states and DC
72145,"Vega Baja Municipio, Puerto Rico",2022,Outside 50 states and DC
72145,"Vega Baja Municipio, Puerto Rico",2023,Outside 50 states and DC
72145,"Vega Baja Municipio, Puerto Rico",2024,Outside 50 states and DC
72147,"Vieques Municipio, Puerto Rico",2010,Outside 50 states and DC
72147,"Vieques Municipio, Puerto Rico",2011,Outside 50 states and DC
72147,"Vieques Municipio, Puerto Rico",2012,Outside 50 states and DC
72147,"Vieques Municipio, Puerto Rico",2013,Outside 50 states and DC
72147,"Vieques Municipio, Puerto Rico",2014,Outside 50 states and DC
72147,"Vieques Municipio, Puerto Rico",2015,Outside 50 states and DC
72147,"Vieques Municipio, Puerto Rico",2016,Outside 50 states and DC
72147,"Vieques Municipio, Puerto Rico",2017,Outside 50 states and DC
72147,"Vieques Municipio, Puerto Rico",2018,Outside 50 states and DC
72147,"Vieques Municipio, Puerto Rico",2019,Outside 50 states and DC
72147,"Vieques Municipio, Puerto Rico",2020,Outside 50 states and DC
72147,"Vieques Municipio, Puerto Rico",2021,Outside 50 states and DC
72147,"Vieques Municipio, Puerto Rico",2022,Outside 50 states and DC
72147,"Vieques Municipio, Puerto Rico",2023,Outside 50 states and DC
72147,"Vieques Municipio, Puerto Rico",2024,Outside 50 states and DC
72149,"Villalba Municipio, Puerto Rico",2010,Outside 50 states and DC
72149,"Villalba Municipio, Puerto Rico",2011,Outside 50 states and DC
72149,"Villalba Municipio, Puerto Rico",2012,Outside 50 states and DC
72149,"Villalba Municipio, Puerto Rico",2013,Outside 50 states and DC
72149,"Villalba Municipio, Puerto Rico",2014,Outside 50 states and DC
72149,"Villalba Municipio, Puerto Rico",2015,Outside 50 states and DC
72149,"Villalba Municipio, Puerto Rico",2016,Outside 50 states and DC
72149,"Villalba Municipio, Puerto Rico",2017,Outside 50 states and DC
72149,"Villalba Municipio, Puerto Rico",2018,Outside 50 states and DC
72149,"Villalba Municipio, Puerto Rico",2019,Outside 50 states and DC
72149,"Villalba Municipio, Puerto Rico",2020,Outside 50 states and DC
72149,"Villalba Municipio, Puerto Rico",2021,Outside 50 states and DC
72149,"Villalba Municipio, Puerto Rico",2022,Outside 50 states and DC
72149,"Villalba Municipio, Puerto Rico",2023,Outside 50 states and DC
72149,"Villalba Municipio, Puerto Rico",2024,Outside 50 states and DC
72151,"Yabucoa Municipio, Puerto Rico",2010,Outside 50 states and DC
72151,"Yabucoa Municipio, Puerto Rico",2011,Outside 50 states and DC
72151,"Yabucoa Municipio, Puerto Rico",2012,Outside 50 states and DC
72151,"Yabucoa Municipio, Puerto Rico",2013,Outside 50 states and DC
72151,"Yabucoa Municipio, Puerto Rico",2014,Outside 50 states and DC
72151,"Yabucoa Municipio, Puerto Rico",2015,Outside 50 states and DC
72151,"Yabucoa Municipio, Puerto Rico",2016,Outside 50 states and DC
72151,"Yabucoa Municipio, Puerto Rico",2017,Outside 50 states and DC
72151,"Yabucoa Municipio, Puerto Rico",2018,Outside 50 states and DC
72151,"Yabucoa Municipio, Puerto Rico",2019,Outside 50 states and DC
72151,"Yabucoa Municipio, Puerto Rico",2020,Outside 50 states and DC
72151,"Yabucoa Municipio, Puerto Rico",2021,Outside 50 states and DC
72151,"Yabucoa Municipio, Puerto Rico",2022,Outside 50 states and DC
72151,"Yabucoa Municipio, Puerto Rico",2023,Outside 50 states and DC
72151,"Yabucoa Municipio, Puerto Rico",2024,Outside 50 states and DC
72153,"Yauco Municipio, Puerto Rico",2010,Outside 50 states and DC
72153,"Yauco Municipio, Puerto Rico",2011,Outside 50 states and DC
72153,"Yauco Municipio, Puerto Rico",2012,Outside 50 states and DC
72153,"Yauco Municipio, Puerto Rico",2013,Outside 50 states and DC
72153,"Yauco Municipio, Puerto Rico",2014,Outside 50 states and DC
72153,"Yauco Municipio, Puerto Rico",2015,Outside 50 states and DC
72153,"Yauco Municipio, Puerto Rico",2016,Outside 50 states and DC
72153,"Yauco Municipio, Puerto Rico",2017,Outside 50 states and DC
72153,"Yauco Municipio, Puerto Rico",2018,Outside 50 states and DC
72153,"Yauco Municipio, Puerto Rico",2019,Outside 50 states and DC
72153,"Yauco Municipio, Puerto Rico",2020,Outside 50 states and DC
72153,"Yauco Municipio, Puerto Rico",2021,Outside 50 states and DC
72153,"Yauco Municipio, Puerto Rico",2022,Outside 50 states and DC
72153,"Yauco Municipio, Puerto Rico",2023,Outside 50 states and DC
72153,"Yauco Municipio, Puerto Rico",2024,Outside 50 states and DC
15005,"Kalawao County, Hawaii",2014,Missing or nonpositive target
15005,"Kalawao County, Hawaii",2019,Missing or nonpositive target
15005,"Kalawao County, Hawaii",2024,Missing or nonpositive target
48105,"Crockett County, Texas",2024,Missing or nonpositive target
48137,"Edwards County, Texas",2024,Missing or nonpositive target
48261,"Kenedy County, Texas",2024,Missing or nonpositive target
48301,"Loving County, Texas",2019,Missing or nonpositive target
48301,"Loving County, Texas",2024,Missing or nonpositive target
