experiment,rows,rmsle,mae_2024_usd,median_ape,r2
without_economic,3139,0.26083703875760084,47359.41468961115,0.1622262466374957,0.6783581276320398
without_hazards,3139,0.21173105769916625,37358.42422311951,0.12487361146383565,0.8003897059289479
without_housing,3139,0.21713788129222517,38409.65279183018,0.13261622494225092,0.8032890030523153
without_social,3139,0.21361219646510882,37982.51612046396,0.12740647491158746,0.793462820881625
all_primary,3139,0.20931130774059026,37197.944669274075,0.1239766566645228,0.8008514517531722
affordability_matched_primary,3139,0.20931130774059026,37197.944669274075,0.1239766566645228,0.8008514517531722
affordability_augmented,3139,0.20399296420752877,36460.80323423213,0.12571181303713946,0.8161905778402689
climate_matched_primary,1594,0.21682880561926388,38194.022424103416,0.13508627078944793,0.8044528707061138
climate_augmented,1594,0.21286291243883512,37920.82513062354,0.13424351244025884,0.8084583035632845
