design,year,rows,rmsle,mae_2024_usd,median_ape,r2
previous_value,all,6240,0.06689421348726228,10954.867858935453,0.042202646794154794,0.9877404908651635
previous_value,2023,3121,0.06456615509757696,10175.678723241175,0.039551656533031006,0.9885468647259379
previous_value,2024,3119,0.06914535023567346,11734.55663498606,0.04533459923320347,0.98697487736555
history_only,all,6240,0.05623816583070424,7718.775821410615,0.027690572116065664,0.9929344599111944
history_only,2023,3121,0.0560133370692694,7350.416607172499,0.026476592369471516,0.9930614812649934
history_only,2024,3119,0.05646224265253548,8087.371239056385,0.028568465206063653,0.992801388457674
history_plus_characteristics,all,6240,0.054672522004685066,7537.894497935061,0.025951966143758994,0.99277554043861
history_plus_characteristics,2023,3121,0.05482860977383697,7330.890506230074,0.025789281902083867,0.9928648133779264
history_plus_characteristics,2024,3119,0.05451588681464461,7745.031227050567,0.026297412509443726,0.9926765293906126
