fold,model,candidate,rows,rmsle,mae_2024_usd,median_ape,r2
1,extra_trees,extra_trees_1,1257,0.18741817169252936,27306.44030183189,0.10908020859957449,0.7980281123727625
1,hist_gradient_boosting,hist_direct_2,1257,0.17916175864651643,25651.37083220373,0.10168219932262565,0.8224867638811179
1,elastic_net,elastic_net_2,1257,0.1957445398636872,28583.574300180888,0.11696279938071008,0.8091465759186756
1,training_median,training_median,1257,0.4849742314207317,70152.38915509936,0.2974704334208392,-0.06934867574961845
2,extra_trees,extra_trees_1,1256,0.17618105235738266,24711.8580847909,0.10244311194785245,0.8260500277466094
2,hist_gradient_boosting,hist_direct_2,1256,0.170463906557523,24207.32696220198,0.10468506341648172,0.828207037445223
2,elastic_net,elastic_net_2,1256,0.18750673664855885,26983.931045072342,0.11454579141082442,0.8094171959126897
2,training_median,training_median,1256,0.46012033124969576,65421.34226780746,0.29147625241816094,-0.06282504049569337
3,extra_trees,extra_trees_1,1256,0.1859483651896659,26218.317535333354,0.11239259094197991,0.8298328191929119
3,hist_gradient_boosting,hist_direct_2,1256,0.18371455577930118,25395.815179921257,0.10205035084937067,0.8346818944807136
3,elastic_net,elastic_net_2,1256,0.19129023904301712,27647.80368763362,0.1237624752608572,0.8383049671374923
3,training_median,training_median,1256,0.4634215883083228,66966.72951488904,0.29643659996368066,-0.07433687624311758
4,extra_trees,extra_trees_1,1256,0.1795885735720927,24191.665772040855,0.10432551699215972,0.8736296099048052
4,hist_gradient_boosting,hist_direct_2,1256,0.17567564302682498,23472.311171223533,0.10038747785190802,0.8675946621286046
4,elastic_net,elastic_net_2,1256,0.18538437105418973,25617.37524049773,0.1143260440988248,0.8446180833434809
4,training_median,training_median,1256,0.4609980248447712,65856.06276997186,0.2972665148063781,-0.08369410502497932
5,extra_trees,extra_trees_1,1256,0.17417611654419538,24673.920700025174,0.10414341103328095,0.8518877977510366
5,hist_gradient_boosting,hist_direct_2,1256,0.1732440763740467,24308.779302654762,0.0999137669595358,0.8532352526766915
5,elastic_net,elastic_net_2,1256,0.1906666942663355,26605.992587433124,0.11315824240982561,0.8414817233021106
5,training_median,training_median,1256,0.4592601957086965,65840.67787006478,0.28100645087599424,-0.09873673499414637
